-- phpMyAdmin SQL Dump
-- version 4.8.3
-- https://www.phpmyadmin.net/
--
-- Servidor: 127.0.0.1
-- Tiempo de generación: 11-01-2019 a las 01:06:34
-- Versión del servidor: 10.1.36-MariaDB
-- Versión de PHP: 7.2.10

SET SQL_MODE = "NO_AUTO_VALUE_ON_ZERO";
SET AUTOCOMMIT = 0;
START TRANSACTION;
SET time_zone = "+00:00";


/*!40101 SET @OLD_CHARACTER_SET_CLIENT=@@CHARACTER_SET_CLIENT */;
/*!40101 SET @OLD_CHARACTER_SET_RESULTS=@@CHARACTER_SET_RESULTS */;
/*!40101 SET @OLD_COLLATION_CONNECTION=@@COLLATION_CONNECTION */;
/*!40101 SET NAMES utf8mb4 */;

--
-- Base de datos: `eapi`
--

-- --------------------------------------------------------

--
-- Estructura de tabla para la tabla `migrations`
--

CREATE TABLE `migrations` (
  `id` int(10) UNSIGNED NOT NULL,
  `migration` varchar(191) COLLATE utf8mb4_unicode_ci NOT NULL,
  `batch` int(11) NOT NULL
) ENGINE=InnoDB DEFAULT CHARSET=utf8mb4 COLLATE=utf8mb4_unicode_ci;

--
-- Volcado de datos para la tabla `migrations`
--

INSERT INTO `migrations` (`id`, `migration`, `batch`) VALUES
(5, '2014_10_12_000000_create_users_table', 1),
(6, '2014_10_12_100000_create_password_resets_table', 1),
(7, '2019_01_10_224510_create_products_table', 1),
(8, '2019_01_10_224542_create_reviews_table', 1);

-- --------------------------------------------------------

--
-- Estructura de tabla para la tabla `password_resets`
--

CREATE TABLE `password_resets` (
  `email` varchar(191) COLLATE utf8mb4_unicode_ci NOT NULL,
  `token` varchar(191) COLLATE utf8mb4_unicode_ci NOT NULL,
  `created_at` timestamp NULL DEFAULT NULL
) ENGINE=InnoDB DEFAULT CHARSET=utf8mb4 COLLATE=utf8mb4_unicode_ci;

-- --------------------------------------------------------

--
-- Estructura de tabla para la tabla `products`
--

CREATE TABLE `products` (
  `id` int(10) UNSIGNED NOT NULL,
  `name` varchar(100) COLLATE utf8mb4_unicode_ci NOT NULL,
  `detail` text COLLATE utf8mb4_unicode_ci,
  `price` int(10) UNSIGNED NOT NULL,
  `stock` int(10) UNSIGNED NOT NULL,
  `discount` int(10) UNSIGNED NOT NULL,
  `created_at` timestamp NULL DEFAULT NULL,
  `updated_at` timestamp NULL DEFAULT NULL
) ENGINE=InnoDB DEFAULT CHARSET=utf8mb4 COLLATE=utf8mb4_unicode_ci;

--
-- Volcado de datos para la tabla `products`
--

INSERT INTO `products` (`id`, `name`, `detail`, `price`, `stock`, `discount`, `created_at`, `updated_at`) VALUES
(1, 'eum', 'Sapiente vero pariatur rerum eos magni. Officia nihil tempora quasi id vero. Sunt vel corporis voluptas quam et. Voluptate vitae eaque fugit aliquam aut.', 679, 4, 8, '2019-01-11 05:41:27', '2019-01-11 05:41:27'),
(2, 'porro', 'Nisi molestiae debitis iure vel dicta. Consectetur est neque dolores est voluptatum earum. Cupiditate nemo facere ad et. Et architecto ipsam aliquam unde libero ad.', 814, 8, 23, '2019-01-11 05:41:27', '2019-01-11 05:41:27'),
(3, 'aut', 'Officia enim aut perspiciatis eaque est suscipit. Ullam consequuntur consequatur quia quis. Est est minima culpa vel blanditiis. Voluptatum est cum ipsum quam corrupti nihil consequatur.', 120, 6, 17, '2019-01-11 05:41:28', '2019-01-11 05:41:28'),
(4, 'facere', 'Aut sapiente veritatis odio eligendi vero sunt consequatur. Cupiditate vero nisi tempore assumenda aut odit quis. Veritatis veniam tempora provident soluta facere expedita.', 937, 1, 8, '2019-01-11 05:41:28', '2019-01-11 05:41:28'),
(5, 'eaque', 'Quo laboriosam explicabo eos animi libero. Et ratione ea at laboriosam. Fugit maxime aperiam numquam aliquid accusantium eos vero. Rerum id esse amet facilis minus sed.', 698, 8, 2, '2019-01-11 05:41:28', '2019-01-11 05:41:28'),
(6, 'sunt', 'Aut ut saepe mollitia laboriosam et repellendus. Numquam voluptatibus aperiam qui molestias non ut vel. Deleniti dolores autem rerum et sit. Beatae doloribus illo rerum iure voluptatem.', 114, 2, 22, '2019-01-11 05:41:28', '2019-01-11 05:41:28'),
(7, 'enim', 'Libero quia dolore praesentium dolorem dolores pariatur modi. Est quas quis culpa minus tempore maiores expedita. Sit quasi vel nobis. Sequi quibusdam deserunt ex suscipit nostrum.', 649, 4, 12, '2019-01-11 05:41:28', '2019-01-11 05:41:28'),
(8, 'enim', 'Delectus nam est qui est. Non totam quia officiis et rerum cupiditate. Vel eum velit impedit hic incidunt sapiente velit.', 759, 5, 14, '2019-01-11 05:41:28', '2019-01-11 05:41:28'),
(9, 'fugit', 'Molestias mollitia numquam et ea. Aut qui eius et facilis. Dolorum ut consequuntur laboriosam dolores.', 568, 2, 26, '2019-01-11 05:41:28', '2019-01-11 05:41:28'),
(10, 'earum', 'Numquam autem maxime enim dicta. Pariatur quo officiis animi cum blanditiis sit.', 655, 8, 15, '2019-01-11 05:41:28', '2019-01-11 05:41:28'),
(11, 'quas', 'Harum voluptatum tenetur amet quaerat reiciendis dignissimos. Expedita facilis odio voluptatem consequatur. Beatae autem id nam quasi excepturi.', 726, 1, 25, '2019-01-11 05:41:28', '2019-01-11 05:41:28'),
(12, 'alias', 'Similique minus maiores accusantium voluptas dolor. Error doloremque tempore quidem et sapiente. Temporibus molestias sit tempore ullam. Tenetur eos voluptatem voluptas nostrum quas alias.', 263, 5, 14, '2019-01-11 05:41:28', '2019-01-11 05:41:28'),
(13, 'explicabo', 'Fuga et et rerum nihil et aut. Ut ut asperiores a at quos similique aperiam. Eum molestiae labore est labore. In est et nostrum inventore.', 883, 0, 20, '2019-01-11 05:41:28', '2019-01-11 05:41:28'),
(14, 'velit', 'Aspernatur eveniet omnis tempore nemo. Aliquam natus voluptatem similique. Neque possimus ratione et iusto blanditiis. Cumque fuga beatae et quos atque nihil. Assumenda doloremque cumque in iure aut.', 845, 8, 19, '2019-01-11 05:41:28', '2019-01-11 05:41:28'),
(15, 'quae', 'Corrupti ullam qui incidunt repudiandae cupiditate non totam. Fugit iste cumque suscipit consequatur eos. Consequatur maxime in a commodi neque. Laborum quia at expedita nostrum magni.', 579, 5, 2, '2019-01-11 05:41:28', '2019-01-11 05:41:28'),
(16, 'dolores', 'Consequatur est qui quia voluptas. Amet quas vero dignissimos magnam ut ut cumque rerum. Mollitia nesciunt tempora et consequatur cumque aliquid.', 399, 2, 27, '2019-01-11 05:41:28', '2019-01-11 05:41:28'),
(17, 'quia', 'Dignissimos quas ipsum laborum. Assumenda animi quos neque odit. Eos ratione ducimus nostrum molestiae qui sint quia. Est iste id necessitatibus impedit dolores.', 526, 5, 19, '2019-01-11 05:41:28', '2019-01-11 05:41:28'),
(18, 'accusantium', 'Quasi et ullam ducimus ut voluptatem accusantium. Occaecati sapiente earum earum sed nisi velit itaque.', 238, 8, 7, '2019-01-11 05:41:28', '2019-01-11 05:41:28'),
(19, 'quos', 'Amet cum necessitatibus eius esse fuga facilis. Dolor ipsam est porro qui deserunt. Et voluptate iste ullam soluta iste similique quos. Consequatur accusamus ratione exercitationem.', 637, 7, 19, '2019-01-11 05:41:28', '2019-01-11 05:41:28'),
(20, 'laboriosam', 'Eaque debitis et assumenda. Labore mollitia sed sint et. Labore qui magnam ea voluptates in. Deleniti minima maxime maiores velit aut recusandae aliquid.', 949, 2, 7, '2019-01-11 05:41:28', '2019-01-11 05:41:28'),
(21, 'amet', 'Dolorem laboriosam nisi asperiores quis dolores. Recusandae iure dolorum dignissimos. Magnam omnis et sunt et quos nam.', 905, 6, 29, '2019-01-11 05:41:28', '2019-01-11 05:41:28'),
(22, 'dolorem', 'Et sed modi totam esse rerum quia quidem. Nostrum iure mollitia nihil id. Id vitae consequatur officia et consequatur accusantium provident aut.', 308, 0, 30, '2019-01-11 05:41:28', '2019-01-11 05:41:28'),
(23, 'est', 'Veritatis minus rem saepe. Labore aliquid pariatur provident nobis exercitationem ullam odio. Provident laborum temporibus repudiandae iste reprehenderit odit. Minima cumque ea recusandae tempora voluptatem.', 438, 5, 16, '2019-01-11 05:41:28', '2019-01-11 05:41:28'),
(24, 'ipsa', 'Vel aut rerum soluta doloribus. Iure consequuntur voluptatem suscipit velit ut repellendus dolores soluta. Recusandae est repellendus aspernatur et. Consequatur a et sint ea autem. Vero impedit sed optio.', 804, 5, 13, '2019-01-11 05:41:28', '2019-01-11 05:41:28'),
(25, 'nulla', 'Ad porro vero minima vitae. Dolorum consectetur tenetur et optio. Qui iusto ut magni est consequatur aut sed. In distinctio eveniet et est.', 150, 0, 18, '2019-01-11 05:41:28', '2019-01-11 05:41:28'),
(26, 'sed', 'Tempore itaque quaerat exercitationem harum rerum molestiae. Natus doloribus dolores nam. Ad aut sit cupiditate placeat quia molestiae non. Modi a quo aut quibusdam est temporibus.', 599, 8, 4, '2019-01-11 05:41:29', '2019-01-11 05:41:29'),
(27, 'quo', 'Quas quia incidunt illum omnis debitis et. Aut dolorem voluptate ut cumque expedita reprehenderit sequi omnis. Quidem tempora ipsum delectus aut at dolorem.', 986, 0, 4, '2019-01-11 05:41:29', '2019-01-11 05:41:29'),
(28, 'qui', 'Eos excepturi accusantium rerum explicabo. Autem non non doloribus ipsam quae. Architecto aliquid ex corrupti quaerat. Debitis tenetur quam doloribus accusantium nulla aliquam provident.', 221, 5, 30, '2019-01-11 05:41:29', '2019-01-11 05:41:29'),
(29, 'itaque', 'Nesciunt ut dolorum aut voluptate eius. Qui vel magnam ipsa alias soluta illum. Nihil qui magnam ullam eaque temporibus quia fugiat assumenda.', 405, 8, 22, '2019-01-11 05:41:29', '2019-01-11 05:41:29'),
(30, 'ut', 'Qui qui expedita consequuntur voluptas et optio. Non animi soluta dolores aperiam maxime. Et dignissimos molestias eos incidunt atque repellat nesciunt. Ab numquam quis facilis quas odio ut qui.', 899, 3, 17, '2019-01-11 05:41:29', '2019-01-11 05:41:29'),
(31, 'numquam', 'Dolorum asperiores corporis nisi illum. Dignissimos labore sed soluta dolorem nulla pariatur. Fugiat voluptatem sequi quasi animi quia consequatur et. Ducimus minima odio enim. Est laborum eos minima quae cupiditate aliquam est.', 969, 8, 17, '2019-01-11 05:41:29', '2019-01-11 05:41:29'),
(32, 'placeat', 'Totam corporis non quo odio iste in. Voluptatibus nesciunt ad distinctio. Necessitatibus et unde aut aut. Dolore harum quia consequatur similique.', 615, 1, 16, '2019-01-11 05:41:29', '2019-01-11 05:41:29'),
(33, 'voluptas', 'Mollitia et aut odio autem blanditiis minus. Autem voluptas mollitia alias ut. Magnam non sit et eum voluptas et.', 679, 8, 19, '2019-01-11 05:41:29', '2019-01-11 05:41:29'),
(34, 'neque', 'Non reprehenderit ipsum eum voluptates et quis molestias. Exercitationem possimus nulla necessitatibus dolor fugit quia pariatur est. Voluptas minima corrupti dolores ut est. Aperiam officiis voluptas est quia quia perspiciatis non. Officia natus magnam illo omnis delectus necessitatibus accusantium.', 545, 4, 19, '2019-01-11 05:41:29', '2019-01-11 05:41:29'),
(35, 'hic', 'Aut repudiandae ipsam voluptatem et sed commodi. Dolor cum et esse iure. Maiores repellendus omnis et aut qui animi at.', 910, 5, 17, '2019-01-11 05:41:29', '2019-01-11 05:41:29'),
(36, 'inventore', 'Aliquam sit laborum deserunt. Et quam eligendi aut porro et. Unde doloribus aut fugit delectus voluptas neque sint suscipit. Iusto qui magni enim eveniet reprehenderit ullam.', 984, 2, 17, '2019-01-11 05:41:29', '2019-01-11 05:41:29'),
(37, 'minima', 'Iste nihil deserunt eos. Dolore non magni ab. Enim ea delectus molestias id.', 589, 0, 24, '2019-01-11 05:41:29', '2019-01-11 05:41:29'),
(38, 'aspernatur', 'Autem nemo quam veritatis reiciendis dolores nesciunt natus. Vitae repellat porro et iusto sit ut dicta. Minus beatae occaecati nulla et aut nulla.', 782, 2, 4, '2019-01-11 05:41:29', '2019-01-11 05:41:29'),
(39, 'ducimus', 'Doloribus quis est velit vero. Veritatis hic est perspiciatis et rerum laudantium. Est veritatis modi aut provident quos. Tenetur reprehenderit illum id temporibus optio.', 619, 3, 6, '2019-01-11 05:41:29', '2019-01-11 05:41:29'),
(40, 'ut', 'Dignissimos voluptas recusandae aut. Magni hic beatae id consequatur corporis ad et. Dolorem est qui quae voluptatem cum.', 581, 6, 6, '2019-01-11 05:41:29', '2019-01-11 05:41:29'),
(41, 'laudantium', 'Magni autem ullam aut eveniet doloribus quas. Doloremque maxime id et omnis minus eum voluptas. Qui iure est non ea. Facilis perspiciatis mollitia illo asperiores dolores.', 933, 4, 23, '2019-01-11 05:41:29', '2019-01-11 05:41:29'),
(42, 'beatae', 'Labore id in in inventore quaerat sed a. Iusto voluptas sint dolore doloremque. Amet dicta quos amet nihil. Ut ut assumenda aut aut et minus ut.', 879, 5, 12, '2019-01-11 05:41:29', '2019-01-11 05:41:29'),
(43, 'ut', 'Saepe voluptatem eum et totam ullam labore tenetur. Earum dicta aut unde ratione eligendi consequuntur. Molestias magnam mollitia sunt neque laudantium eum ex.', 491, 1, 20, '2019-01-11 05:41:29', '2019-01-11 05:41:29'),
(44, 'labore', 'Veritatis itaque quo rerum beatae quos. Tenetur ducimus libero repudiandae molestiae. Dolorum omnis quia ut praesentium ratione accusantium occaecati velit.', 939, 5, 21, '2019-01-11 05:41:29', '2019-01-11 05:41:29'),
(45, 'ipsum', 'Voluptatibus natus qui facilis dolorem exercitationem sit fuga dolorem. Laboriosam et est laboriosam repudiandae unde nemo. Ea sint voluptate est non rerum alias maxime. Atque explicabo quasi officia adipisci ex.', 937, 3, 29, '2019-01-11 05:41:29', '2019-01-11 05:41:29'),
(46, 'rerum', 'Blanditiis quo ea praesentium est voluptatem pariatur et exercitationem. Sunt labore incidunt consequatur dignissimos. Rerum eos rerum pariatur cum vitae alias.', 509, 8, 10, '2019-01-11 05:41:29', '2019-01-11 05:41:29'),
(47, 'omnis', 'Cupiditate et eos cupiditate repudiandae excepturi velit et quia. Blanditiis aliquam veritatis sapiente laudantium voluptas beatae.', 602, 5, 11, '2019-01-11 05:41:29', '2019-01-11 05:41:29'),
(48, 'et', 'Minus officia est qui vero corrupti molestiae. Necessitatibus delectus quidem qui repellendus inventore ut. Eum provident sunt impedit quae dicta aliquid.', 519, 6, 16, '2019-01-11 05:41:29', '2019-01-11 05:41:29'),
(49, 'dolores', 'Tenetur omnis ea eveniet cum dicta quisquam. Est eveniet tenetur expedita commodi sunt dolor dolorem beatae.', 690, 6, 22, '2019-01-11 05:41:29', '2019-01-11 05:41:29'),
(50, 'ipsa', 'Quas non rerum distinctio fugiat ea. Rerum eum voluptas et nobis asperiores aliquid tenetur. Enim deserunt occaecati ipsa dolorum ut veritatis. Dicta reprehenderit deserunt quos eum in.', 896, 3, 22, '2019-01-11 05:41:29', '2019-01-11 05:41:29');

-- --------------------------------------------------------

--
-- Estructura de tabla para la tabla `reviews`
--

CREATE TABLE `reviews` (
  `id` int(10) UNSIGNED NOT NULL,
  `product_id` int(10) UNSIGNED NOT NULL,
  `customer` varchar(100) COLLATE utf8mb4_unicode_ci NOT NULL,
  `review` text COLLATE utf8mb4_unicode_ci NOT NULL,
  `star` int(10) UNSIGNED NOT NULL,
  `created_at` timestamp NULL DEFAULT NULL,
  `updated_at` timestamp NULL DEFAULT NULL
) ENGINE=InnoDB DEFAULT CHARSET=utf8mb4 COLLATE=utf8mb4_unicode_ci;

--
-- Volcado de datos para la tabla `reviews`
--

INSERT INTO `reviews` (`id`, `product_id`, `customer`, `review`, `star`, `created_at`, `updated_at`) VALUES
(1, 33, 'Aurore Leffler', 'Odio aliquam repellat odit nihil. Non adipisci quaerat officiis. Hic doloremque nesciunt maxime omnis.', 2, '2019-01-11 05:41:30', '2019-01-11 05:41:30'),
(2, 19, 'Mr. Andrew Klein II', 'Aspernatur et voluptates id fugit voluptatem eveniet. Inventore sequi quo necessitatibus sed.', 2, '2019-01-11 05:41:30', '2019-01-11 05:41:30'),
(3, 46, 'Destini Orn', 'Vitae quod accusamus adipisci possimus est voluptatum. Eum dolor voluptatum consequatur omnis natus ab. Esse aperiam et dolor voluptates. Iure odit quisquam dolore tenetur et.', 0, '2019-01-11 05:41:30', '2019-01-11 05:41:30'),
(4, 19, 'Dr. Davon Jast PhD', 'Autem qui nesciunt ipsam aut et. Cumque accusantium doloremque culpa omnis sint amet quibusdam. Qui placeat sed aperiam autem omnis. Minima animi laboriosam blanditiis consequatur beatae in aut.', 1, '2019-01-11 05:41:30', '2019-01-11 05:41:30'),
(5, 5, 'Tre Rosenbaum', 'Excepturi rerum ea laboriosam corrupti. Facilis dolorum sunt tempora. Numquam sint quia dolorem nisi. Quis consequatur voluptatibus quasi magni vero facilis blanditiis.', 5, '2019-01-11 05:41:30', '2019-01-11 05:41:30'),
(6, 45, 'Roscoe Lockman', 'Sit a reprehenderit voluptatem iure. Distinctio fugit reprehenderit vel debitis accusantium. Quos aspernatur laboriosam illo voluptatem voluptatem quam assumenda.', 0, '2019-01-11 05:41:30', '2019-01-11 05:41:30'),
(7, 47, 'Estell Grady', 'Sunt sed aut voluptatem dolores nihil. Sequi nulla optio ab et molestiae ut temporibus. Et ipsa natus aspernatur ut eius.', 2, '2019-01-11 05:41:30', '2019-01-11 05:41:30'),
(8, 14, 'Darlene Steuber V', 'Quaerat et ipsum quia hic consequatur suscipit dolore consequatur. Aut sit dicta et porro laborum. Labore veniam hic possimus natus vitae ut. Facilis eos fugit omnis dolor est voluptatibus.', 4, '2019-01-11 05:41:30', '2019-01-11 05:41:30'),
(9, 19, 'Mrs. Adela Gerhold', 'Consectetur omnis in distinctio enim. Dolorem assumenda accusantium dolorem voluptatem non.', 2, '2019-01-11 05:41:30', '2019-01-11 05:41:30'),
(10, 31, 'Prof. Carson Simonis', 'Consequuntur quisquam non delectus tempore ex. Dolore ducimus et repellendus facilis. Explicabo doloremque nostrum corporis molestiae unde eos sed. Facilis nemo et fuga id blanditiis maiores cum aut.', 5, '2019-01-11 05:41:30', '2019-01-11 05:41:30'),
(11, 49, 'Makenna Mueller', 'Natus omnis tempore perspiciatis. Voluptas quidem ut distinctio voluptas ut autem totam qui. Aut rerum aliquam dolores ipsam ipsam hic quod.', 4, '2019-01-11 05:41:30', '2019-01-11 05:41:30'),
(12, 37, 'Fern Goyette', 'Enim asperiores rerum dicta et magnam consectetur ut ut. Consequatur repellendus fuga temporibus est provident. Sequi vel non quis beatae est libero aut.', 0, '2019-01-11 05:41:30', '2019-01-11 05:41:30'),
(13, 39, 'Mr. Akeem Jakubowski', 'Animi rerum possimus ut numquam velit fuga. Optio sint quasi eum inventore voluptate repellendus voluptas. Ut aut error non similique ex aut vero repudiandae. Nisi accusantium dolorum laudantium consequatur omnis consequatur.', 1, '2019-01-11 05:41:30', '2019-01-11 05:41:30'),
(14, 19, 'Prof. Terrance Koepp DVM', 'Sed veniam praesentium nostrum totam ratione aspernatur. At culpa sequi harum aspernatur. Quas et culpa molestias est voluptatem. Quia velit nihil voluptatem culpa aut vel officiis.', 2, '2019-01-11 05:41:30', '2019-01-11 05:41:30'),
(15, 31, 'Dr. Erick Cartwright MD', 'Vero quae nulla rerum id commodi. Enim exercitationem reprehenderit libero sint ipsam voluptatem. Eum et non eos corporis.', 3, '2019-01-11 05:41:30', '2019-01-11 05:41:30'),
(16, 33, 'Chet Spencer', 'Vel incidunt earum et sed provident. Enim officiis quas qui odit. Repudiandae laborum qui sit quidem quia et.', 2, '2019-01-11 05:41:30', '2019-01-11 05:41:30'),
(17, 30, 'Aleen Grady I', 'Sit distinctio modi qui consectetur. Nihil cumque eum fugiat eum. Iusto dolores adipisci qui eligendi vel repudiandae.', 5, '2019-01-11 05:41:30', '2019-01-11 05:41:30'),
(18, 20, 'Courtney Mante', 'Quo qui occaecati quam voluptate. Rerum cum rerum omnis. Id animi laborum non dignissimos aut corporis sapiente quia.', 2, '2019-01-11 05:41:31', '2019-01-11 05:41:31'),
(19, 42, 'Will Roob', 'Et quibusdam reiciendis quaerat possimus voluptatem. Aut labore molestias quibusdam sequi et atque quisquam. Nulla quaerat ut asperiores neque. Nulla unde a nulla libero aliquid expedita illo. Veniam tempore quo aliquid distinctio sunt architecto.', 1, '2019-01-11 05:41:31', '2019-01-11 05:41:31'),
(20, 18, 'Prof. Albertha Stokes III', 'Tempore qui optio perspiciatis aut. Recusandae culpa placeat sit molestiae id quae. Voluptatibus modi quas nihil fuga officiis doloremque magnam.', 4, '2019-01-11 05:41:31', '2019-01-11 05:41:31'),
(21, 42, 'Miss Mollie Romaguera', 'At sit nihil qui soluta autem et eos. Quos veniam laudantium aspernatur non excepturi aut. Et aut voluptas quos et et in. Aut aliquid fugiat enim molestias animi cum.', 5, '2019-01-11 05:41:31', '2019-01-11 05:41:31'),
(22, 45, 'Noemie Kunde', 'Eum minus autem quo. Neque ducimus aut dolorum voluptatem. Cum eligendi ea pariatur nam modi. Nobis id omnis quis illo exercitationem et animi.', 3, '2019-01-11 05:41:31', '2019-01-11 05:41:31'),
(23, 43, 'Wilford Kerluke', 'Voluptates sint facere molestias vel nisi. Veritatis reiciendis dolorem dolore praesentium porro omnis.', 4, '2019-01-11 05:41:31', '2019-01-11 05:41:31'),
(24, 33, 'Prof. Jasen Stehr', 'Quia ducimus delectus pariatur. Corporis dolorem voluptatem alias accusantium. Atque voluptatem in neque. Qui consequatur inventore repellendus et fugit laboriosam temporibus.', 2, '2019-01-11 05:41:31', '2019-01-11 05:41:31'),
(25, 34, 'Arielle Muller', 'Tempore sed ut qui enim soluta repudiandae assumenda vitae. Voluptatem impedit dolorem ut. Ratione fugit non necessitatibus pariatur.', 3, '2019-01-11 05:41:31', '2019-01-11 05:41:31'),
(26, 22, 'Paula Prohaska', 'Consequatur minima ipsa excepturi sunt ex quo laboriosam neque. Ut incidunt dolores incidunt sed. Vero ratione velit id laborum. Occaecati quibusdam voluptatem dolor aliquid rerum animi libero nihil.', 4, '2019-01-11 05:41:31', '2019-01-11 05:41:31'),
(27, 40, 'Noemy Kovacek', 'Aliquid quis quia quidem sint ad ea deserunt. Sint omnis aut molestiae. Libero eos nobis perferendis eos rerum quibusdam fugiat. In dolor velit vel tempore vel ea aliquam dolorem.', 3, '2019-01-11 05:41:31', '2019-01-11 05:41:31'),
(28, 10, 'Dr. Karl Predovic PhD', 'Earum ad tenetur explicabo ipsum. Laborum suscipit omnis et sint voluptate. Ex voluptas est corporis. Est impedit omnis accusamus ut sapiente.', 0, '2019-01-11 05:41:31', '2019-01-11 05:41:31'),
(29, 26, 'Miss Cierra Howe', 'Et nostrum architecto quod fugit eligendi at. Qui consequatur rerum occaecati occaecati iure sunt mollitia error. Quo qui repellat sunt ducimus dolorem.', 4, '2019-01-11 05:41:31', '2019-01-11 05:41:31'),
(30, 34, 'Bruce Farrell', 'Ea ea facilis eaque cum. Ut voluptas dolorem est. Consectetur quia enim officiis rerum laborum. Culpa illo eaque sunt ea veniam.', 0, '2019-01-11 05:41:31', '2019-01-11 05:41:31'),
(31, 11, 'Yolanda Goldner', 'Debitis est aut quo sed. Quam reiciendis non qui veniam velit dolorem ut. Veniam vel dolorem sit consectetur beatae explicabo.', 5, '2019-01-11 05:41:31', '2019-01-11 05:41:31'),
(32, 17, 'Prof. Gussie Kessler II', 'Est cumque natus explicabo. Dolore reprehenderit ullam sequi esse debitis. Fugiat at doloremque voluptatem hic id quam in inventore.', 2, '2019-01-11 05:41:31', '2019-01-11 05:41:31'),
(33, 10, 'Dr. Kayley Wilderman', 'Repellendus nostrum ex laborum harum harum earum ipsam fuga. Beatae quam enim id laboriosam. Id ut provident quidem eligendi consequatur labore.', 5, '2019-01-11 05:41:31', '2019-01-11 05:41:31'),
(34, 1, 'Dr. Trystan Wiegand', 'Delectus repudiandae officiis laboriosam ab eum vel. Rerum rerum labore quibusdam dolores. Praesentium et et molestiae itaque non. Facere et et nulla necessitatibus dolor.', 3, '2019-01-11 05:41:31', '2019-01-11 05:41:31'),
(35, 12, 'Liliana Kertzmann', 'Quia laboriosam est debitis. Sint vero expedita commodi occaecati et deleniti. Ut ab eos placeat ut similique ut sint. Aut similique quod modi laudantium ipsa.', 3, '2019-01-11 05:41:31', '2019-01-11 05:41:31'),
(36, 37, 'Rosa Halvorson', 'Eum eligendi at impedit distinctio. Quibusdam aut quis asperiores architecto facere quibusdam. Cum autem et autem quaerat eos non. Placeat tempora saepe dolor et voluptatem.', 2, '2019-01-11 05:41:31', '2019-01-11 05:41:31'),
(37, 46, 'Keira Olson', 'Tempore fuga consequatur aut laboriosam hic sit rem. Perspiciatis rerum odio deleniti blanditiis. Consequatur dolorum sapiente molestiae voluptatibus vel blanditiis.', 0, '2019-01-11 05:41:31', '2019-01-11 05:41:31'),
(38, 36, 'Alicia Koch', 'Cum rerum laudantium doloremque saepe non ab sequi. Ipsam maxime esse occaecati eaque aperiam aspernatur. Sed quia necessitatibus qui quod sunt similique et. Aliquid voluptatibus sunt quia non.', 2, '2019-01-11 05:41:31', '2019-01-11 05:41:31'),
(39, 49, 'Theodore Littel', 'Sint sapiente doloribus illum dolores amet eum consequatur. Vero architecto cumque consequatur distinctio cum vel ut. Inventore aut quia provident qui. Aliquid ut eos animi odit assumenda dolorem autem. Deserunt omnis non voluptatibus magni quia.', 3, '2019-01-11 05:41:31', '2019-01-11 05:41:31'),
(40, 18, 'Johnathon Walter PhD', 'Dolores itaque aperiam dignissimos nobis odit nisi. In enim fuga omnis sed. Consequatur sed hic non harum voluptatem sunt. Iste possimus quasi aliquid nesciunt. Totam fugit qui suscipit.', 0, '2019-01-11 05:41:31', '2019-01-11 05:41:31'),
(41, 28, 'Dr. Marques Swift III', 'Illo sed excepturi et nobis dolor. Iste explicabo rem beatae quae nulla aut nemo. Tempora exercitationem in velit officiis sed voluptatem. Dolorem blanditiis excepturi et et.', 0, '2019-01-11 05:41:31', '2019-01-11 05:41:31'),
(42, 49, 'Garland Graham', 'Ratione fugiat exercitationem aut harum. Cupiditate enim velit omnis est. Ut doloremque sint quia sit. Eveniet veritatis iusto omnis qui rerum sunt consequatur.', 4, '2019-01-11 05:41:31', '2019-01-11 05:41:31'),
(43, 29, 'Aida Jones', 'Unde ad possimus reiciendis earum. Molestias et sapiente molestiae nisi dolorem provident eligendi mollitia. Repellendus et unde nihil at magnam. Occaecati omnis aperiam ut aut natus omnis adipisci eaque.', 4, '2019-01-11 05:41:32', '2019-01-11 05:41:32'),
(44, 11, 'Pierre Brekke', 'Neque ducimus cupiditate ut nemo. Totam nostrum aut consectetur et.', 5, '2019-01-11 05:41:32', '2019-01-11 05:41:32'),
(45, 20, 'Nicolette Dibbert', 'Aut molestiae in id delectus. Et aut quae quidem enim fugiat. Quia fugit et voluptatem reprehenderit. Quisquam illum est inventore quaerat voluptates ea recusandae.', 5, '2019-01-11 05:41:32', '2019-01-11 05:41:32'),
(46, 44, 'Prof. Mark Ritchie', 'Exercitationem minus modi impedit sint quaerat. Esse optio est a beatae aspernatur ut nulla. Sunt quis voluptatem distinctio.', 5, '2019-01-11 05:41:32', '2019-01-11 05:41:32'),
(47, 21, 'Arlene Gleichner', 'Eligendi accusamus nemo sint blanditiis soluta architecto provident. Nesciunt libero reiciendis adipisci magnam. Placeat repudiandae optio enim ut magni nam. Et aspernatur omnis nihil aliquid.', 2, '2019-01-11 05:41:32', '2019-01-11 05:41:32'),
(48, 9, 'Ms. Elenor Shanahan Jr.', 'Architecto aspernatur temporibus nobis non accusantium. Ut quo eum ut. Velit temporibus reprehenderit dicta magni. Eligendi in odit possimus perferendis occaecati aut porro.', 3, '2019-01-11 05:41:32', '2019-01-11 05:41:32'),
(49, 3, 'Ms. Jennyfer Ernser II', 'Qui enim ipsa ut enim voluptas omnis tempora. Pariatur quos sapiente velit natus.', 4, '2019-01-11 05:41:32', '2019-01-11 05:41:32'),
(50, 18, 'Nadia Ernser', 'Eos corrupti autem ducimus maiores maiores vitae quia. Cumque occaecati et nihil molestiae quam libero atque. Qui modi sequi vel est sed veritatis vitae. Amet sint magni incidunt et facilis dolores.', 3, '2019-01-11 05:41:32', '2019-01-11 05:41:32'),
(51, 28, 'Kaleigh Upton', 'Maiores accusantium repellat cupiditate illo vel. Ipsa iusto consequuntur ab ut minima. Aperiam ut vel veritatis autem deleniti ut. Velit eos sed dicta quia dicta ab suscipit.', 2, '2019-01-11 05:41:32', '2019-01-11 05:41:32'),
(52, 5, 'Karine Streich', 'Voluptatem repellendus sed in. Voluptatem quibusdam quisquam corrupti nesciunt maiores velit. Laboriosam et aliquam est veniam nobis sunt quo.', 1, '2019-01-11 05:41:32', '2019-01-11 05:41:32'),
(53, 18, 'Aaliyah Schneider', 'Delectus voluptatem molestiae dolor et ut ullam nisi harum. Molestiae quam est sequi quod distinctio. Quis vel recusandae nemo quam accusamus eos ratione.', 3, '2019-01-11 05:41:32', '2019-01-11 05:41:32'),
(54, 17, 'Mr. Alek Williamson', 'Odio sit illum facilis pariatur consequatur. Et quia perspiciatis molestias.', 4, '2019-01-11 05:41:32', '2019-01-11 05:41:32'),
(55, 13, 'Mr. Reece Jones', 'Molestiae eum in laudantium dolor tenetur voluptatem. Molestiae nesciunt culpa a modi voluptatem voluptatem quaerat omnis. Enim enim blanditiis in est consequatur suscipit dolor. Illum asperiores porro maiores nemo quidem qui unde.', 3, '2019-01-11 05:41:32', '2019-01-11 05:41:32'),
(56, 16, 'Mrs. Lillian Huels III', 'Et sequi mollitia autem incidunt est. Corrupti fuga nihil omnis natus. Assumenda fuga non in id aut nemo ipsa. Reiciendis qui magnam corporis nam eius est est.', 1, '2019-01-11 05:41:32', '2019-01-11 05:41:32'),
(57, 24, 'Dr. Amina Rippin Jr.', 'Aliquid est ut magnam. Ipsam ab sapiente minus sunt aut voluptas repudiandae magnam. Qui corrupti similique quam ducimus alias.', 3, '2019-01-11 05:41:32', '2019-01-11 05:41:32'),
(58, 27, 'Llewellyn Tremblay', 'Sunt consequatur voluptatem minus laudantium enim eos commodi. Deserunt exercitationem suscipit doloribus iure deleniti libero. Labore voluptatem iusto error.', 0, '2019-01-11 05:41:32', '2019-01-11 05:41:32'),
(59, 30, 'Angela Hansen DVM', 'Maxime et placeat sit fugit. Dolorem et laudantium amet et aut est. Numquam reiciendis dolor voluptatem repudiandae quidem. Quo cupiditate dolore laudantium illo harum dolor corporis.', 2, '2019-01-11 05:41:32', '2019-01-11 05:41:32'),
(60, 31, 'Lamar Skiles I', 'Est et et aliquid sequi aut aut unde. Sunt dicta quasi enim deleniti similique quia qui asperiores. Nihil blanditiis libero voluptatum iure et omnis iure odio.', 1, '2019-01-11 05:41:32', '2019-01-11 05:41:32'),
(61, 23, 'Carey Botsford', 'Ut modi molestiae a non sed. Voluptate laudantium molestiae et harum soluta. Ullam qui qui quis aut numquam possimus consequatur. Nostrum dolor tempore blanditiis adipisci.', 0, '2019-01-11 05:41:32', '2019-01-11 05:41:32'),
(62, 2, 'King Blick', 'Laborum id et amet aperiam ut omnis. Ducimus enim occaecati amet. Ipsam odio quibusdam ipsum voluptas et necessitatibus est et.', 2, '2019-01-11 05:41:32', '2019-01-11 05:41:32'),
(63, 5, 'Sigmund Bailey DDS', 'In non necessitatibus adipisci est sunt at est. Laboriosam quod tempore exercitationem voluptas. Ut voluptatem voluptatem fugit culpa. Distinctio fugit assumenda quia.', 2, '2019-01-11 05:41:32', '2019-01-11 05:41:32'),
(64, 13, 'Ms. Bridgette Hirthe IV', 'Dolorem consectetur asperiores et sit facilis et temporibus tenetur. Id qui sit illum rerum nihil et et. Qui animi beatae distinctio adipisci eius. Necessitatibus occaecati tenetur qui amet quidem in. Ut sed eos debitis et distinctio quo.', 1, '2019-01-11 05:41:32', '2019-01-11 05:41:32'),
(65, 13, 'Alice Ryan V', 'Dolorem voluptatem et soluta exercitationem laboriosam odio sint. Omnis asperiores et voluptates quibusdam quaerat amet cupiditate.', 0, '2019-01-11 05:41:32', '2019-01-11 05:41:32'),
(66, 30, 'Vernon Stehr', 'Eum ad est sequi architecto pariatur. Adipisci aspernatur ad omnis et molestiae dolores beatae. Rem minima fugit numquam sit. Quibusdam voluptatibus nihil doloremque laborum amet fuga voluptas. Maiores ut expedita et sequi minima sint consequatur.', 5, '2019-01-11 05:41:32', '2019-01-11 05:41:32'),
(67, 7, 'Mr. Scot Dicki DDS', 'Aut vitae et ut aut fugit corporis hic aut. Facere deleniti enim quia quia. Voluptatem et necessitatibus commodi quod eaque enim. Id aperiam repellendus quia at dolor dolorem illo.', 0, '2019-01-11 05:41:33', '2019-01-11 05:41:33'),
(68, 35, 'Lia Jacobs', 'Vel nihil fuga minus impedit quo aspernatur sint ipsum. Quo sed laborum assumenda aut. Officiis aliquam possimus quae dolorem.', 1, '2019-01-11 05:41:33', '2019-01-11 05:41:33'),
(69, 28, 'Prof. Reinhold Simonis', 'Voluptatem delectus voluptatem iure nihil ut ut voluptatem repudiandae. Reiciendis odio ut aut quos quia eum aut. Esse omnis odit vel dolorem qui.', 5, '2019-01-11 05:41:33', '2019-01-11 05:41:33'),
(70, 13, 'Hailey Shanahan', 'Magni qui iste minima similique et voluptatibus. Quaerat voluptates aut unde. Iste illum at illo dolore ullam porro molestiae. Et cumque et aut itaque delectus soluta.', 1, '2019-01-11 05:41:33', '2019-01-11 05:41:33'),
(71, 47, 'Noelia Quigley DVM', 'Repellendus assumenda molestiae distinctio est vero beatae eos. Beatae et et et.', 3, '2019-01-11 05:41:33', '2019-01-11 05:41:33'),
(72, 46, 'Dr. Christian Robel', 'Adipisci repudiandae officia odio cum. Repellendus cumque cupiditate sunt esse. Et qui dolor repellendus animi sed ab aliquam id. Tenetur ducimus quasi hic iure deleniti sapiente eligendi.', 2, '2019-01-11 05:41:33', '2019-01-11 05:41:33'),
(73, 34, 'Prof. Nathan Willms', 'Doloremque corrupti similique quia ab ut. Aut at possimus voluptas ipsam id. Sed non magnam non ipsam debitis eius. Et voluptatibus ut corrupti ut aut quisquam.', 5, '2019-01-11 05:41:33', '2019-01-11 05:41:33'),
(74, 49, 'Arvilla Kulas', 'Voluptas eos excepturi ad rerum quia consequatur. Eos autem voluptatem qui. Fuga voluptatum repellendus dolor id vero molestiae. Voluptates ullam dolores ut eaque.', 1, '2019-01-11 05:41:33', '2019-01-11 05:41:33'),
(75, 40, 'Lula Grant', 'Est magni quas consequuntur delectus ut in quas. Quos nemo quo vel. Corporis voluptatem ut repellendus debitis maxime fugiat aut. Possimus adipisci maxime qui doloribus ut.', 5, '2019-01-11 05:41:33', '2019-01-11 05:41:33'),
(76, 7, 'Danial Cremin', 'Ratione voluptas est sed corrupti alias itaque voluptatum. Omnis similique tenetur voluptatem. Provident tenetur magni assumenda beatae eius qui.', 4, '2019-01-11 05:41:33', '2019-01-11 05:41:33'),
(77, 10, 'Greg Witting', 'Magnam aut adipisci labore et voluptatem. Recusandae sapiente nam et.', 1, '2019-01-11 05:41:33', '2019-01-11 05:41:33'),
(78, 44, 'Dr. Gerry Crona', 'Expedita non provident omnis quia repellat. Occaecati odit illum quasi eos.', 3, '2019-01-11 05:41:33', '2019-01-11 05:41:33'),
(79, 11, 'Josefina Kozey', 'Molestiae quam at totam consequatur cum voluptatem est aspernatur. Illum natus ut id qui. Architecto dolorum quidem tempore dolores quod nihil eaque ut.', 3, '2019-01-11 05:41:33', '2019-01-11 05:41:33'),
(80, 50, 'Margarete Altenwerth', 'Voluptatem expedita et vero possimus aut eum eaque. Possimus qui quia natus voluptas ab ipsum quis. Natus nostrum sequi minima sit aut.', 4, '2019-01-11 05:41:33', '2019-01-11 05:41:33'),
(81, 49, 'Destin Lebsack', 'Blanditiis rerum delectus nihil itaque rem quis ex. Omnis dolores delectus aut illo consequatur placeat sed. Vel non inventore qui tempore. Esse esse minima adipisci beatae atque voluptas.', 1, '2019-01-11 05:41:33', '2019-01-11 05:41:33'),
(82, 13, 'Marta Hettinger', 'Voluptas minus eius rerum in. Quia qui nostrum animi consequatur dolores. Sunt delectus repellat nobis aut molestiae aut similique. Ut ab maiores omnis velit. Quam quidem quo sit earum.', 3, '2019-01-11 05:41:33', '2019-01-11 05:41:33'),
(83, 50, 'Jadyn Abshire', 'Amet culpa vel quam blanditiis quis voluptatem. Qui laboriosam maxime rerum voluptatem qui doloremque est similique. Possimus quisquam sit ut dignissimos.', 0, '2019-01-11 05:41:33', '2019-01-11 05:41:33'),
(84, 28, 'Cade Cummerata I', 'Hic ea iusto quaerat earum. Numquam similique itaque nihil architecto occaecati iure. Eos debitis aliquam facilis odit beatae porro in voluptas.', 3, '2019-01-11 05:41:33', '2019-01-11 05:41:33'),
(85, 44, 'Mr. Bobbie Bednar', 'Delectus nemo eum officiis alias animi minima. Officia est sunt quas debitis atque quod. Laboriosam a ducimus praesentium totam aut accusantium earum.', 2, '2019-01-11 05:41:33', '2019-01-11 05:41:33'),
(86, 20, 'Delphine Jacobi', 'Itaque a sed dolores architecto cum molestiae. Quasi nihil omnis doloremque.', 1, '2019-01-11 05:41:33', '2019-01-11 05:41:33'),
(87, 10, 'Wilfred Schneider III', 'Sit perferendis optio qui aut dolorem. Voluptas praesentium eum aut mollitia nostrum adipisci minima. Qui laudantium quisquam eum sequi dolorum dolores aut in.', 0, '2019-01-11 05:41:33', '2019-01-11 05:41:33'),
(88, 14, 'Dr. Jerome Roberts Sr.', 'Nam neque et quia. Quae eos odio eum eius.', 3, '2019-01-11 05:41:33', '2019-01-11 05:41:33'),
(89, 4, 'Danika Windler', 'Molestiae enim iusto doloribus doloribus fuga sed. Omnis fugit qui officiis excepturi et. Est mollitia laborum optio et ut cum quia. Harum hic expedita provident.', 0, '2019-01-11 05:41:33', '2019-01-11 05:41:33'),
(90, 23, 'Miss Lucinda Hamill DDS', 'Vitae quas rerum cupiditate quae culpa quibusdam. Voluptas totam aut perferendis mollitia fugit fugit. Perferendis praesentium assumenda iusto et.', 2, '2019-01-11 05:41:33', '2019-01-11 05:41:33'),
(91, 11, 'Crawford Bernier', 'Quaerat ut molestiae hic illum illum. Et ad illum inventore ea sed. Saepe excepturi unde illo sunt unde harum. Aut sed aut id ea corrupti praesentium tempora. At modi ut est dolorem omnis recusandae rerum dolorum.', 1, '2019-01-11 05:41:33', '2019-01-11 05:41:33'),
(92, 37, 'Keegan Flatley', 'Nisi temporibus libero velit ipsa debitis. Voluptatem quod dolor repellat sint delectus dolorem neque. Est quasi molestias et veniam eius nemo quibusdam ratione. Tenetur non adipisci vel facilis distinctio sunt quibusdam. Quia optio aut laborum rerum nobis ut.', 2, '2019-01-11 05:41:34', '2019-01-11 05:41:34'),
(93, 37, 'Filomena Graham Jr.', 'Et aut repudiandae cum. Quo sunt eos sapiente ipsam temporibus blanditiis. Et aut sapiente quidem odio in modi et cupiditate.', 1, '2019-01-11 05:41:34', '2019-01-11 05:41:34'),
(94, 21, 'Miracle Bergstrom', 'Quas enim et vel nobis voluptatem eum aperiam. Sed cumque eligendi aliquam non asperiores molestias eaque. Beatae repudiandae nihil provident vel distinctio deserunt.', 1, '2019-01-11 05:41:34', '2019-01-11 05:41:34'),
(95, 31, 'Dovie Mayer', 'Facilis molestias modi voluptas sit. Nemo impedit ex sint ut. Ut quia iste cum tempore. Quis et architecto non neque non ut enim.', 4, '2019-01-11 05:41:34', '2019-01-11 05:41:34'),
(96, 14, 'Royce Kirlin', 'Nihil et sunt cupiditate culpa repudiandae architecto. Rem hic rerum qui tempore. Dolor fugit nemo quaerat sit. Quia amet et esse ea voluptate mollitia et.', 4, '2019-01-11 05:41:34', '2019-01-11 05:41:34'),
(97, 20, 'Tate Mohr', 'Cumque consequuntur magni saepe et et. Distinctio fugiat laboriosam aspernatur placeat voluptate.', 5, '2019-01-11 05:41:34', '2019-01-11 05:41:34'),
(98, 13, 'Ellie Baumbach', 'Consequatur quia tenetur nam vel facilis sapiente provident. Quas illo qui odio quasi ad voluptatem voluptates. Et vel consequuntur optio non nostrum nesciunt.', 1, '2019-01-11 05:41:34', '2019-01-11 05:41:34'),
(99, 49, 'Kasandra Blanda', 'Vitae veniam nostrum consectetur nam omnis temporibus dolorem. Quo minima quo excepturi rerum similique quia amet dicta. Laudantium esse eveniet quo eligendi.', 2, '2019-01-11 05:41:34', '2019-01-11 05:41:34'),
(100, 41, 'Dr. Jimmy Gerhold', 'Similique tenetur est quia. Asperiores est eligendi possimus autem natus ipsum consequatur consequatur. Temporibus vel architecto est.', 5, '2019-01-11 05:41:34', '2019-01-11 05:41:34'),
(101, 20, 'Dr. Brannon Jaskolski III', 'Et quisquam suscipit non eius. Error error in sunt repellendus. Sint esse consequatur nemo commodi quis nihil ut est.', 3, '2019-01-11 05:41:34', '2019-01-11 05:41:34'),
(102, 30, 'Abraham Thompson I', 'Autem dicta ut voluptas cupiditate provident nobis quibusdam ipsam. Omnis eos praesentium quidem fugit corporis temporibus eligendi. Corporis quam ullam nulla. Cumque fuga sed et ut.', 0, '2019-01-11 05:41:34', '2019-01-11 05:41:34'),
(103, 48, 'Ashleigh Pacocha', 'Non omnis ad voluptates numquam hic id. Totam distinctio quam maxime. Et aut cumque delectus velit magnam dolorum exercitationem sit. Cupiditate quas aut rerum officiis dolorum.', 5, '2019-01-11 05:41:34', '2019-01-11 05:41:34'),
(104, 27, 'River Johnston', 'Repudiandae illum dicta ipsam natus. Doloremque aperiam voluptatem autem et sunt.', 2, '2019-01-11 05:41:34', '2019-01-11 05:41:34'),
(105, 31, 'Ezra Kessler', 'Dolorum consequatur deserunt rerum nisi praesentium. Suscipit quae corrupti voluptatem necessitatibus. Reiciendis eum velit sunt velit et dolor accusamus dolorem. Non modi voluptates soluta sed dicta.', 0, '2019-01-11 05:41:34', '2019-01-11 05:41:34'),
(106, 31, 'Mrs. Shannon Hand V', 'Suscipit asperiores dolor quisquam et laborum. Et quaerat debitis sed et et ut autem. Similique et adipisci ut quae sunt repellat.', 5, '2019-01-11 05:41:34', '2019-01-11 05:41:34'),
(107, 31, 'Rossie Goyette', 'Molestias eius voluptas enim atque eos omnis natus. Accusamus amet et quis tempore id dolores. Sit voluptatem nihil ullam iste doloribus quia.', 5, '2019-01-11 05:41:34', '2019-01-11 05:41:34'),
(108, 39, 'Mr. Skylar Parisian PhD', 'Occaecati est dolor distinctio totam nobis qui. Earum et laudantium aut voluptatem et. Dolorem nemo inventore nesciunt voluptatem. Vel veritatis amet distinctio fugit quo at.', 1, '2019-01-11 05:41:34', '2019-01-11 05:41:34'),
(109, 42, 'Dorthy Brown PhD', 'Consequatur optio ab fugiat consequuntur veniam temporibus. Nulla dicta dicta delectus. Veritatis in sint aliquid sit. Recusandae harum velit aut et repudiandae enim est.', 5, '2019-01-11 05:41:34', '2019-01-11 05:41:34'),
(110, 29, 'Tatyana Johnson', 'Reprehenderit et molestiae aut quisquam repellendus harum odio. Facere ipsa nemo assumenda ad voluptas placeat modi neque. Assumenda fugit eos facere eum. Dicta nisi consequatur aut eaque quam tempora atque.', 1, '2019-01-11 05:41:34', '2019-01-11 05:41:34'),
(111, 48, 'Dr. Name Bogisich Jr.', 'Velit facere in facere excepturi porro non. Rerum et aliquid animi. Omnis sit atque voluptate ipsum doloribus.', 1, '2019-01-11 05:41:34', '2019-01-11 05:41:34'),
(112, 31, 'Frankie Carroll', 'Accusamus et quibusdam ut sit qui ut est. Distinctio cumque doloribus dolorem quaerat accusantium et. Quos quis est dolor natus. Dolorem tempore accusantium ea ratione est nisi qui.', 0, '2019-01-11 05:41:34', '2019-01-11 05:41:34'),
(113, 3, 'Sean Hayes', 'Provident qui ut cum illo qui repellat mollitia. Earum saepe ducimus delectus debitis. Libero consequuntur enim sed ea temporibus qui. Aut quia numquam a sit. Officia est ab occaecati et eos illo.', 2, '2019-01-11 05:41:34', '2019-01-11 05:41:34'),
(114, 38, 'Devonte Medhurst', 'Ut eaque consequatur dolorum praesentium sint aliquam. Doloremque eveniet quis rerum. Illum sunt consequatur et aperiam ut. Placeat a esse qui dolor qui id. Odio ut sint officia sed.', 3, '2019-01-11 05:41:34', '2019-01-11 05:41:34'),
(115, 13, 'Ottilie Moen I', 'Adipisci beatae magni ea temporibus quia occaecati rem. Sed aut harum dolore debitis perferendis ut. Rerum quas veritatis sint fugiat quod.', 3, '2019-01-11 05:41:34', '2019-01-11 05:41:34'),
(116, 10, 'Mrs. Gloria Wilderman IV', 'Asperiores consequuntur inventore aspernatur illum. Aut perferendis et molestiae beatae ut. Est eaque quis dolor quidem optio consequatur velit. Dolorem sit consectetur quos ut in. Dicta dolores possimus necessitatibus accusamus.', 0, '2019-01-11 05:41:34', '2019-01-11 05:41:34'),
(117, 44, 'Herta Hahn II', 'Odit sunt inventore et est nam quod. Nesciunt aut suscipit quidem fugiat. Amet nihil beatae quia sit.', 3, '2019-01-11 05:41:34', '2019-01-11 05:41:34'),
(118, 32, 'Benjamin Lowe', 'Expedita aut veritatis repellendus est quia. Iste libero ut molestias eaque maiores. Sed iste tempora saepe dicta quaerat ullam quam. Velit hic voluptatem mollitia dolorem quae.', 3, '2019-01-11 05:41:34', '2019-01-11 05:41:34'),
(119, 34, 'Elsa Wolff', 'Consequatur sunt facilis asperiores et officiis ut ex. Sunt sed dolorem et inventore perspiciatis ab reiciendis dolores. Sed eum nemo voluptas.', 3, '2019-01-11 05:41:34', '2019-01-11 05:41:34'),
(120, 34, 'Alexandre Pfannerstill', 'Tenetur omnis vitae et in est. Et adipisci quisquam at omnis voluptates cumque. Officiis animi iste dolor consequatur.', 1, '2019-01-11 05:41:35', '2019-01-11 05:41:35'),
(121, 22, 'Grace Herzog', 'Beatae aut minima eos velit id. Quia qui quia consequatur et. Molestiae qui aut nihil temporibus accusantium. Delectus amet numquam fugit sunt omnis rerum reiciendis minima.', 2, '2019-01-11 05:41:35', '2019-01-11 05:41:35'),
(122, 44, 'Dr. Benton Schmitt', 'Quia iusto quae eius et et numquam. Libero id nesciunt libero eum. Voluptates expedita voluptas deserunt nemo saepe eveniet. Quia alias recusandae enim debitis aut ducimus.', 0, '2019-01-11 05:41:35', '2019-01-11 05:41:35'),
(123, 44, 'Corrine McKenzie DVM', 'Repellendus quia rerum necessitatibus tenetur veritatis recusandae ut. Dolorum voluptate architecto dolor ea.', 5, '2019-01-11 05:41:35', '2019-01-11 05:41:35'),
(124, 16, 'Isaias Lowe', 'Quam quasi et tempora facilis. Perspiciatis consequatur sit aliquam natus labore ut. Occaecati et unde corporis magnam. Voluptates harum a voluptatibus quis.', 1, '2019-01-11 05:41:35', '2019-01-11 05:41:35'),
(125, 45, 'Prof. Justus Hagenes DDS', 'In nemo ratione assumenda laudantium labore ut rerum. Et atque quibusdam quia eum voluptatum.', 1, '2019-01-11 05:41:35', '2019-01-11 05:41:35'),
(126, 12, 'Prof. Chris Monahan', 'Facere ad sed est commodi nobis modi. Dolor qui reprehenderit excepturi rerum. Non impedit ducimus eum. Corporis et minima eos vitae totam doloribus.', 4, '2019-01-11 05:41:35', '2019-01-11 05:41:35'),
(127, 24, 'Miss Taryn Toy Jr.', 'Pariatur quibusdam aut quas distinctio quasi. Aspernatur minus ut fugiat voluptatem nostrum. Necessitatibus cupiditate quibusdam quia vel ipsa magni.', 1, '2019-01-11 05:41:35', '2019-01-11 05:41:35'),
(128, 35, 'Chet Langosh II', 'Ut illo provident ut deleniti. Veritatis excepturi repellendus quia deserunt et nisi. Deserunt ab eos et maiores. Aut vel ut omnis distinctio et amet.', 0, '2019-01-11 05:41:35', '2019-01-11 05:41:35'),
(129, 21, 'Mr. Malachi Ankunding PhD', 'Ipsum suscipit rerum in quos voluptatem ipsa quia ipsa. Facere suscipit minus minima laboriosam exercitationem possimus doloremque. Aut laudantium repudiandae assumenda asperiores qui numquam est. Architecto quis rerum harum eius.', 4, '2019-01-11 05:41:35', '2019-01-11 05:41:35'),
(130, 12, 'Palma Hudson', 'Libero non ratione incidunt perferendis facilis aut hic. Accusamus quis iure rerum voluptates voluptate ullam ut est. Eius delectus fuga vero minima doloremque.', 2, '2019-01-11 05:41:35', '2019-01-11 05:41:35'),
(131, 25, 'Briana Murazik', 'Architecto sed minima cumque id nemo id. Officia et est excepturi asperiores rerum fugiat. Pariatur quis exercitationem vero et.', 2, '2019-01-11 05:41:35', '2019-01-11 05:41:35'),
(132, 32, 'Herbert Hahn', 'Consequuntur minima quia nemo maxime voluptate eveniet labore. Sit aliquid facilis nisi. Ipsa voluptas ducimus facilis accusamus eum enim.', 2, '2019-01-11 05:41:35', '2019-01-11 05:41:35'),
(133, 16, 'Dr. Casey Turner II', 'Natus quis quia id laudantium porro. Consectetur hic consequatur rerum minima. Est aut omnis labore ab ut. Totam a aut earum aspernatur.', 5, '2019-01-11 05:41:35', '2019-01-11 05:41:35'),
(134, 28, 'Mariam Graham PhD', 'At nemo accusantium itaque eius eos in dicta. Eaque blanditiis architecto consequatur reiciendis. Et sed et id reprehenderit veritatis quas. Ut ea quia quam.', 4, '2019-01-11 05:41:35', '2019-01-11 05:41:35'),
(135, 43, 'Prof. Ward McCullough III', 'Voluptate ut suscipit illo. Est quod quisquam ipsa ut ratione molestias enim. Quidem doloremque fuga qui commodi est minima nihil.', 5, '2019-01-11 05:41:35', '2019-01-11 05:41:35'),
(136, 44, 'Aracely Hackett', 'Quidem eligendi architecto ipsum non cumque tempore. Qui eum ipsum beatae voluptas rerum facere sit. Est iure dolore sit est. Sit beatae est aut quasi eveniet et.', 3, '2019-01-11 05:41:35', '2019-01-11 05:41:35'),
(137, 37, 'Mrs. Elva Macejkovic III', 'Voluptate magnam molestiae iure excepturi quo eaque. Nihil aut quis veniam tempore rerum fugiat fuga. Enim nesciunt eveniet deserunt fugiat soluta ea.', 5, '2019-01-11 05:41:35', '2019-01-11 05:41:35'),
(138, 17, 'Cornell Johns', 'Incidunt aliquam dolor et enim sint vel voluptas. Numquam vel ut quia hic dignissimos eveniet. Similique sapiente maiores et eveniet voluptatum. Voluptas dolores ducimus et error aspernatur autem et consequatur. Modi quasi in iure neque aspernatur tempore.', 3, '2019-01-11 05:41:35', '2019-01-11 05:41:35'),
(139, 4, 'Mr. Damon Bosco II', 'Vitae quibusdam optio doloribus quia assumenda occaecati. Consequatur est dolor saepe autem delectus soluta dolorem. Mollitia in sapiente in aut aperiam et.', 2, '2019-01-11 05:41:36', '2019-01-11 05:41:36'),
(140, 25, 'Araceli Torp', 'Sunt sint corporis repellendus est. Sed minima tempora neque cum repellendus. Veniam molestias voluptatem aliquid vero minima.', 4, '2019-01-11 05:41:36', '2019-01-11 05:41:36'),
(141, 3, 'Mr. Trevor Price III', 'Provident molestiae velit qui enim. Fugiat minus est ducimus culpa. Ullam aut ea quos cumque.', 0, '2019-01-11 05:41:36', '2019-01-11 05:41:36'),
(142, 42, 'Miss Rahsaan Wolf DDS', 'Rem dolores non nemo qui. Modi inventore amet ipsam maiores est. Distinctio perferendis delectus voluptas laborum sint dolore repudiandae.', 2, '2019-01-11 05:41:36', '2019-01-11 05:41:36'),
(143, 47, 'Sister Von', 'Pariatur esse voluptatem dolores consequatur ab officiis ipsam saepe. Commodi explicabo alias incidunt nemo ducimus voluptatem. Maxime ad culpa quibusdam. Alias voluptate aut iusto est voluptatem ut unde.', 4, '2019-01-11 05:41:36', '2019-01-11 05:41:36'),
(144, 36, 'Dr. Zakary Parker DVM', 'Et sint iusto laudantium eos velit et voluptatem excepturi. Autem debitis natus impedit laudantium cupiditate numquam. Molestiae dolorum architecto est autem deserunt reprehenderit ducimus.', 2, '2019-01-11 05:41:36', '2019-01-11 05:41:36'),
(145, 19, 'Sarah Gulgowski', 'Asperiores aut illum tempora amet error totam. Aut molestias vero nihil laborum quia aut nisi. Aspernatur fugiat similique expedita non quos ducimus.', 3, '2019-01-11 05:41:36', '2019-01-11 05:41:36'),
(146, 16, 'Mr. Sofia Dickens', 'Temporibus expedita temporibus voluptates aliquid numquam. Autem ipsum ipsam provident sed alias voluptas aut a.', 2, '2019-01-11 05:41:36', '2019-01-11 05:41:36'),
(147, 18, 'Gregg Cartwright', 'Ad nihil impedit perspiciatis dolores quo. Molestiae libero quis expedita unde.', 3, '2019-01-11 05:41:36', '2019-01-11 05:41:36'),
(148, 15, 'Norbert Satterfield DDS', 'Pariatur repellendus et vero eum temporibus. Tempora velit minima tenetur quibusdam in sit voluptatem. Ad quasi dignissimos provident natus aperiam. Sequi fugit odit autem reprehenderit consequatur eum.', 5, '2019-01-11 05:41:36', '2019-01-11 05:41:36'),
(149, 47, 'Antone Dooley', 'Aut enim ipsa maxime ipsa assumenda. Ut voluptatem non id illo perferendis. Error voluptas omnis vel nostrum ut laboriosam quo temporibus. Facilis aut id quas consequuntur.', 3, '2019-01-11 05:41:36', '2019-01-11 05:41:36'),
(150, 5, 'Mike Hane', 'Illo officiis modi ducimus qui soluta reiciendis aut eos. Voluptas voluptatum possimus reiciendis ut est et. Ducimus qui beatae quos.', 3, '2019-01-11 05:41:36', '2019-01-11 05:41:36'),
(151, 48, 'Dr. Maureen Rice Sr.', 'Consectetur illo neque quam. Qui ipsum aspernatur sit quaerat. Dolores sit in rem quibusdam et est ut.', 2, '2019-01-11 05:41:36', '2019-01-11 05:41:36'),
(152, 1, 'Gardner Davis', 'Error sed pariatur provident. Consequatur ut quia non. Et quos molestias et velit.', 5, '2019-01-11 05:41:36', '2019-01-11 05:41:36'),
(153, 28, 'Prof. Arch Gleason', 'Est debitis id occaecati inventore vel. Necessitatibus et odit beatae aperiam alias ducimus similique cupiditate. Enim molestias omnis perspiciatis deserunt nemo omnis. Id et et neque qui vitae ab.', 5, '2019-01-11 05:41:36', '2019-01-11 05:41:36'),
(154, 11, 'Prof. Burley Flatley', 'Velit mollitia quia temporibus reprehenderit optio aut laboriosam reprehenderit. Quisquam error repudiandae blanditiis reiciendis itaque. Suscipit voluptatem et asperiores omnis quisquam voluptatem sed consequuntur.', 0, '2019-01-11 05:41:36', '2019-01-11 05:41:36'),
(155, 30, 'Dax Gerhold', 'Dolores provident voluptas omnis qui eos quia. Dolores dolores magni porro exercitationem rerum officia libero. Blanditiis quos ut laudantium veritatis vero ea. Dolores voluptas et quam autem.', 4, '2019-01-11 05:41:36', '2019-01-11 05:41:36'),
(156, 43, 'Clark Frami', 'Voluptatem eligendi soluta architecto error autem omnis reprehenderit est. Quibusdam voluptatem molestias et voluptatem omnis quia. Quia vitae sed nostrum et enim est et. Iure excepturi labore sed eligendi aliquid.', 4, '2019-01-11 05:41:36', '2019-01-11 05:41:36'),
(157, 31, 'Hilton Pfeffer', 'Placeat modi corporis eos cum earum illum debitis ea. Et enim odit blanditiis id rerum. Eum qui aut possimus ipsa repudiandae expedita dolorum. Vel quia tenetur minima consectetur ad aliquid repudiandae.', 1, '2019-01-11 05:41:36', '2019-01-11 05:41:36'),
(158, 7, 'Keon Grimes', 'Voluptate non quis sed libero magni quia. Beatae perferendis ducimus sunt. Aperiam temporibus vel praesentium deserunt sit sapiente.', 1, '2019-01-11 05:41:36', '2019-01-11 05:41:36'),
(159, 43, 'Prof. Buford Heidenreich', 'Iste pariatur est quos adipisci nam cum. Enim aspernatur optio non quaerat id illo voluptatem. Tempore rerum est id ut quas quo.', 1, '2019-01-11 05:41:36', '2019-01-11 05:41:36'),
(160, 15, 'Prof. Dakota Johns Jr.', 'Illo qui dolorem consequuntur itaque. Reprehenderit maiores culpa doloremque aperiam eius. Ipsa ratione suscipit neque eos ipsum ut. Delectus eos aperiam aut dolorem quia asperiores nihil officiis.', 2, '2019-01-11 05:41:36', '2019-01-11 05:41:36'),
(161, 4, 'Dr. Brook Hirthe III', 'Dolores cumque debitis saepe incidunt autem quos. Est nulla veritatis ut est doloremque placeat tempore. Consequatur pariatur quos enim fugiat quaerat maiores. Non aperiam quae quam eum.', 5, '2019-01-11 05:41:36', '2019-01-11 05:41:36'),
(162, 43, 'Erica Ziemann', 'Blanditiis illo beatae est non repellat. A voluptates qui et adipisci cumque. Quidem autem possimus quod omnis. Repellat error et impedit labore ad soluta.', 3, '2019-01-11 05:41:36', '2019-01-11 05:41:36'),
(163, 11, 'Dr. Leopoldo Buckridge Sr.', 'Quia hic fugit vel a voluptas. Sit quae enim voluptas fuga dolorum beatae quia. Doloribus debitis quo corrupti tenetur illum rem.', 2, '2019-01-11 05:41:36', '2019-01-11 05:41:36'),
(164, 20, 'Edythe Hammes Jr.', 'A a alias reiciendis incidunt quibusdam repellat consequatur. Eveniet nam debitis provident qui ut sed quam. Quaerat incidunt labore exercitationem nihil autem velit sapiente.', 0, '2019-01-11 05:41:36', '2019-01-11 05:41:36'),
(165, 30, 'Prof. Rene Treutel II', 'Consequatur iste voluptate doloremque. Voluptatem illum sunt consectetur.', 5, '2019-01-11 05:41:36', '2019-01-11 05:41:36'),
(166, 37, 'Keshaun Jacobs', 'Consequatur ex velit dolores fugiat. Sit voluptatem atque fuga. Non ipsum et quia qui. Quia est et laboriosam eos.', 3, '2019-01-11 05:41:36', '2019-01-11 05:41:36'),
(167, 14, 'Ms. Constance Ortiz PhD', 'Vero aliquam qui quidem maxime suscipit occaecati atque. Illo recusandae eos culpa et pariatur et veniam corporis. Soluta nihil culpa earum at cumque quo.', 3, '2019-01-11 05:41:36', '2019-01-11 05:41:36'),
(168, 15, 'Prof. Michele Paucek PhD', 'Quam harum error iure modi. Placeat molestiae maxime ex. Itaque non dignissimos voluptatum vitae minima eos.', 2, '2019-01-11 05:41:37', '2019-01-11 05:41:37'),
(169, 22, 'Nicklaus Leannon', 'Et enim nostrum asperiores et in. Velit explicabo voluptas doloremque est distinctio. Enim vel expedita velit amet vitae adipisci.', 1, '2019-01-11 05:41:37', '2019-01-11 05:41:37'),
(170, 13, 'Prof. Willis Nikolaus', 'Voluptas sed consectetur dolorum dolores. Voluptate excepturi corrupti reiciendis aut provident.', 4, '2019-01-11 05:41:37', '2019-01-11 05:41:37'),
(171, 27, 'Miss Sydni Schultz DVM', 'Distinctio sit perferendis qui qui laboriosam recusandae. Enim quam et non nesciunt. Eaque laudantium voluptatem quo.', 0, '2019-01-11 05:41:37', '2019-01-11 05:41:37'),
(172, 14, 'Chauncey Wuckert', 'Ab in ut eum quasi. Autem officiis beatae quis quasi vitae perspiciatis. Sit consequuntur quae laborum eaque.', 2, '2019-01-11 05:41:37', '2019-01-11 05:41:37'),
(173, 19, 'River Rolfson', 'Architecto quas beatae aut dolor sint asperiores est. Adipisci sit iure deleniti sit nulla deleniti enim. Ut cupiditate nobis fuga quis aliquam voluptatem.', 4, '2019-01-11 05:41:37', '2019-01-11 05:41:37'),
(174, 43, 'Rocio Mayert', 'Quam omnis pariatur consequuntur voluptas fugit saepe modi. Qui et corporis blanditiis alias veniam saepe blanditiis consequuntur. Dignissimos est voluptate inventore qui. Excepturi odit perspiciatis dolor repellat temporibus voluptatem totam.', 0, '2019-01-11 05:41:37', '2019-01-11 05:41:37'),
(175, 18, 'Winifred Marquardt', 'Earum perferendis rerum voluptate accusantium esse tenetur. Sed et ex est ipsam non. At cumque esse totam sunt voluptate impedit laboriosam.', 5, '2019-01-11 05:41:37', '2019-01-11 05:41:37'),
(176, 7, 'Thora Halvorson', 'Labore aliquam voluptas a explicabo omnis doloremque ut dolores. Quisquam minima expedita qui. Molestiae impedit voluptatem ut. Earum incidunt laboriosam reprehenderit et.', 0, '2019-01-11 05:41:37', '2019-01-11 05:41:37'),
(177, 44, 'Mr. Toby Carter DVM', 'Omnis laboriosam voluptas ea repellendus. Qui non voluptates quae enim minima vel. Expedita voluptatibus veritatis ducimus sed excepturi autem aperiam sapiente. Nostrum nisi dicta in aliquid consectetur sed quas.', 0, '2019-01-11 05:41:37', '2019-01-11 05:41:37'),
(178, 12, 'Kianna Heaney', 'Qui dolorem iste eum tempore. Incidunt voluptas sequi et.', 5, '2019-01-11 05:41:37', '2019-01-11 05:41:37'),
(179, 3, 'Dandre Kovacek', 'Nostrum quae deleniti aliquam atque. Debitis doloremque reiciendis asperiores aperiam. Ipsum fuga id illo et.', 5, '2019-01-11 05:41:37', '2019-01-11 05:41:37'),
(180, 14, 'Brionna Larkin Sr.', 'Natus qui voluptatem laudantium occaecati dicta cumque. Id voluptatem deserunt distinctio qui. Amet voluptatem aut deserunt asperiores.', 2, '2019-01-11 05:41:37', '2019-01-11 05:41:37'),
(181, 13, 'Dr. Katheryn Hermann DVM', 'Voluptas et impedit dolores et ut impedit ipsam. Exercitationem nesciunt vel quibusdam consequatur quibusdam necessitatibus aut. Totam asperiores voluptatem blanditiis. Sunt fugiat quibusdam tenetur officia.', 5, '2019-01-11 05:41:37', '2019-01-11 05:41:37'),
(182, 47, 'Ms. Myriam Waters', 'Nihil illum nam necessitatibus ab blanditiis. Voluptas quia voluptatibus sint quidem. Id qui alias aspernatur occaecati pariatur quia. Quis nesciunt qui modi ducimus. Dolor quasi et et temporibus nostrum.', 4, '2019-01-11 05:41:37', '2019-01-11 05:41:37'),
(183, 12, 'Dr. Emerson Lakin', 'Dolorem rerum et eos dolorem. Consequatur reiciendis voluptate delectus impedit non. Debitis dicta corrupti enim eos. Ab quibusdam maxime deserunt maiores laboriosam eum.', 0, '2019-01-11 05:41:37', '2019-01-11 05:41:37'),
(184, 47, 'Domenic Sporer', 'Cum omnis omnis excepturi est molestias. Voluptatem aliquid voluptatem et impedit repellendus voluptatem ut. Nobis repellendus similique eveniet in. Dolores inventore libero amet.', 5, '2019-01-11 05:41:37', '2019-01-11 05:41:37'),
(185, 21, 'Kenyatta Bosco', 'Esse vel nihil reiciendis. Est ut iste molestiae optio quo nihil nihil. Dolore enim autem iusto dicta. Consequatur nostrum labore ab necessitatibus.', 1, '2019-01-11 05:41:37', '2019-01-11 05:41:37'),
(186, 40, 'Ms. Brielle Pacocha Jr.', 'Eum velit officia debitis voluptatum placeat. Nihil ipsam dolor tempore facere fuga est cumque. Nemo earum sit dignissimos et ipsam doloribus.', 4, '2019-01-11 05:41:37', '2019-01-11 05:41:37'),
(187, 13, 'Dorris Cummerata', 'Quidem quia ducimus in sed aliquid. Rem quae incidunt maxime nobis molestiae. Ab sed culpa non quam labore facilis maxime. Soluta et esse inventore quas numquam.', 4, '2019-01-11 05:41:37', '2019-01-11 05:41:37'),
(188, 42, 'Asa Walsh', 'Et animi et magnam quos dolor cupiditate. Vero quos sequi velit id accusantium non. Non magnam qui excepturi omnis. Facere ut dolores modi repudiandae reiciendis.', 0, '2019-01-11 05:41:37', '2019-01-11 05:41:37'),
(189, 46, 'Mrs. Aida Dare PhD', 'Repudiandae enim qui delectus esse ipsa voluptatum ut. Nam excepturi sit ut repellendus. Earum voluptatem quod maxime placeat nisi sed et. Id voluptatem numquam neque molestiae ratione similique et.', 4, '2019-01-11 05:41:37', '2019-01-11 05:41:37'),
(190, 22, 'Jeromy Fadel', 'Provident dolorem aliquid expedita repudiandae quis. Excepturi est aperiam necessitatibus placeat et delectus.', 2, '2019-01-11 05:41:37', '2019-01-11 05:41:37'),
(191, 38, 'Mr. Jarret Nader', 'Nam omnis quidem facilis odit occaecati. Est explicabo dolores esse ea.', 1, '2019-01-11 05:41:37', '2019-01-11 05:41:37'),
(192, 33, 'Dr. Paris Schuster MD', 'Et culpa eaque sit maxime. Voluptas dolor deserunt cum reiciendis qui corporis. Aut qui consequuntur fugiat voluptatibus facere blanditiis quibusdam ea. Nobis soluta iusto omnis voluptatem doloribus ab cupiditate cumque. Quae vero laborum necessitatibus.', 5, '2019-01-11 05:41:37', '2019-01-11 05:41:37'),
(193, 29, 'Jennifer Bechtelar V', 'Veritatis quis facere optio optio est hic eum. Consequatur ipsa cum cumque sint. Vel quisquam ut et unde corrupti maiores ut.', 5, '2019-01-11 05:41:37', '2019-01-11 05:41:37'),
(194, 48, 'Prof. Jena McKenzie PhD', 'Asperiores eligendi eaque labore molestias natus quas. Natus sit cupiditate aliquam distinctio rerum. Deleniti nihil repudiandae aut atque eaque alias repudiandae.', 1, '2019-01-11 05:41:37', '2019-01-11 05:41:37'),
(195, 12, 'Marilie Walsh', 'Atque magni culpa odit aut necessitatibus sapiente. Omnis voluptas qui sit nobis neque et molestias. Delectus aut voluptatem odio. Magni totam eos recusandae placeat.', 5, '2019-01-11 05:41:37', '2019-01-11 05:41:37'),
(196, 18, 'Dr. Matilde Boyle', 'Aut voluptas similique in quaerat fugiat asperiores magni. Molestiae fuga quod officia quia. Mollitia pariatur et assumenda ratione delectus ea odio. Ratione dolorem autem ad illum autem.', 5, '2019-01-11 05:41:38', '2019-01-11 05:41:38'),
(197, 6, 'Mrs. Shawna Collier', 'Odit sed esse autem neque. Cupiditate ea aut cupiditate sapiente expedita et. Quos nihil blanditiis aut. Harum quis atque dolore.', 1, '2019-01-11 05:41:38', '2019-01-11 05:41:38'),
(198, 5, 'Rosalia Feeney', 'Est velit ea quas officia. Quisquam et quidem et. Minima quis dolorum dignissimos assumenda qui. Non deserunt fugit rem porro.', 2, '2019-01-11 05:41:38', '2019-01-11 05:41:38'),
(199, 2, 'Lilly Cruickshank MD', 'Illo delectus sed autem omnis magnam. Error omnis eius facere quis sapiente aut amet. Aut dolorem id repudiandae qui laborum. Distinctio cupiditate aut aut vero nostrum dolores alias.', 2, '2019-01-11 05:41:38', '2019-01-11 05:41:38'),
(200, 38, 'Ms. Nettie Dickens', 'Harum adipisci quae sequi aliquid molestias est. Tenetur et aliquid aut itaque vel doloribus. Qui id aliquam esse quisquam. Et qui adipisci iusto placeat facilis aspernatur odit.', 5, '2019-01-11 05:41:38', '2019-01-11 05:41:38'),
(201, 44, 'Ms. Cathy Botsford Sr.', 'Alias officiis omnis nemo beatae. Dicta et repudiandae adipisci perferendis enim. Et odit nemo dolorem temporibus. Eveniet voluptas dolores corrupti minima occaecati sed molestias.', 3, '2019-01-11 05:41:38', '2019-01-11 05:41:38'),
(202, 11, 'Shakira Emmerich', 'Vitae quaerat debitis iure consequatur accusamus. Alias ea quia veritatis. Et distinctio repellendus in.', 0, '2019-01-11 05:41:38', '2019-01-11 05:41:38'),
(203, 6, 'Brielle Ruecker Sr.', 'Quia vero tenetur est nihil. Rerum et aliquam tenetur est voluptatibus ut quibusdam. Asperiores vel asperiores impedit eum dolorem quo.', 2, '2019-01-11 05:41:38', '2019-01-11 05:41:38'),
(204, 28, 'Arlene Jones', 'Ratione quod aspernatur ipsam pariatur rerum facere aut. Veritatis sint maxime et distinctio. Ut quia non quis vitae cupiditate est sed maxime. Doloribus corrupti est dignissimos incidunt et est nostrum odit.', 2, '2019-01-11 05:41:38', '2019-01-11 05:41:38'),
(205, 47, 'Bertha Donnelly', 'Veniam deleniti in ut error. Facilis et quos quasi labore vel numquam. Qui incidunt iste optio non doloribus animi.', 5, '2019-01-11 05:41:38', '2019-01-11 05:41:38'),
(206, 13, 'Maximillia Larkin', 'Corporis et commodi maiores. Earum ut sunt consequatur rerum provident ipsa veniam harum. Hic fuga cum saepe magni. Sapiente praesentium et aut enim dolores et.', 1, '2019-01-11 05:41:38', '2019-01-11 05:41:38'),
(207, 1, 'Hillard Kemmer', 'Vero assumenda aut inventore reprehenderit sint labore. Corrupti et non a eligendi nostrum quo. Quam nulla dolorem tempore et eius ut velit et.', 1, '2019-01-11 05:41:38', '2019-01-11 05:41:38'),
(208, 48, 'Vickie Roberts Sr.', 'Quibusdam odio dolores adipisci. Et aliquid recusandae facilis architecto. Voluptate magnam nulla et. Qui nesciunt enim at ullam asperiores ipsa. Expedita soluta dolorem illum.', 4, '2019-01-11 05:41:38', '2019-01-11 05:41:38'),
(209, 37, 'Dr. Luna Hudson DDS', 'Exercitationem libero iusto vitae quia aut. Et esse at atque distinctio minima distinctio quaerat. Eos quae illo aut illo consequatur et voluptatibus a. Suscipit consequatur aut ut consequatur commodi.', 0, '2019-01-11 05:41:38', '2019-01-11 05:41:38'),
(210, 7, 'Meghan Bernier PhD', 'Ab nesciunt voluptatem distinctio et illum voluptas accusantium. Architecto magni unde laboriosam dolorem eaque excepturi. Quibusdam qui eligendi molestias illo qui. Tempora corrupti tempora sint consequatur repellat a.', 4, '2019-01-11 05:41:38', '2019-01-11 05:41:38'),
(211, 38, 'Mrs. Chanel Schulist', 'Eveniet magnam amet aspernatur ipsa et praesentium soluta. Sunt et doloribus qui ut possimus quam. Iusto excepturi ut ea ex itaque fugit.', 2, '2019-01-11 05:41:38', '2019-01-11 05:41:38');
INSERT INTO `reviews` (`id`, `product_id`, `customer`, `review`, `star`, `created_at`, `updated_at`) VALUES
(212, 23, 'Jada Lowe', 'Vel blanditiis qui sint minus non voluptatem esse. Voluptatem hic rerum velit molestias. Accusamus enim error provident nihil. Consectetur qui veniam voluptas necessitatibus voluptatum vitae.', 1, '2019-01-11 05:41:38', '2019-01-11 05:41:38'),
(213, 8, 'Candace Feest', 'Et totam beatae eaque eum iste velit. Eum perferendis sed doloremque quae. Non ab aut et ipsam cumque et. Laboriosam et aut esse aut. Perspiciatis velit rerum consequatur illo consequuntur nisi quis.', 4, '2019-01-11 05:41:38', '2019-01-11 05:41:38'),
(214, 10, 'Ettie Thiel I', 'Aliquid id voluptatem eius minima ad aut quidem. Cupiditate adipisci sit iusto numquam molestias et. Dolores iste architecto harum voluptatem in voluptatum velit. Consequatur consequatur facilis unde accusamus. Eveniet porro iste dignissimos corrupti quo.', 2, '2019-01-11 05:41:38', '2019-01-11 05:41:38'),
(215, 46, 'Miss Mary Cormier Jr.', 'Doloribus numquam et qui esse odit. Officia dolorum qui suscipit aut ea ab a omnis. Vel architecto sint autem.', 0, '2019-01-11 05:41:38', '2019-01-11 05:41:38'),
(216, 2, 'Mr. Herbert Weimann', 'Facere non sit eaque praesentium sint et cumque. Qui cupiditate sint voluptatem est in delectus maiores quae. Aut pariatur est qui quidem quia quia et. Consectetur minus voluptas quisquam occaecati.', 5, '2019-01-11 05:41:38', '2019-01-11 05:41:38'),
(217, 36, 'Julie Vandervort DVM', 'Repellat sunt laborum laudantium ullam cumque mollitia dolore. Perferendis rem amet ratione voluptates omnis. Dolores voluptates quae asperiores natus ratione.', 3, '2019-01-11 05:41:39', '2019-01-11 05:41:39'),
(218, 47, 'Dr. Paige Sipes', 'Repellendus quo fugiat autem necessitatibus voluptatem quas eaque dolorem. Totam et vitae ullam sed excepturi accusantium. Id qui excepturi non nobis ducimus nihil.', 3, '2019-01-11 05:41:39', '2019-01-11 05:41:39'),
(219, 16, 'Michale Tillman', 'Voluptatibus voluptate sunt cum eligendi labore debitis. Voluptate repellendus et quo consectetur. Ducimus culpa dolorem sequi iste. Iste repellat rerum earum exercitationem sapiente.', 2, '2019-01-11 05:41:39', '2019-01-11 05:41:39'),
(220, 8, 'Dr. Kitty D\'Amore', 'Velit sed rerum dolore. Nemo et commodi non. Qui dolor modi temporibus sequi repellat recusandae labore. Cupiditate velit adipisci quis ut.', 2, '2019-01-11 05:41:39', '2019-01-11 05:41:39'),
(221, 3, 'Mrs. Victoria Hartmann', 'Itaque consequatur explicabo impedit maiores harum aut et. Non quos ut et deserunt non dolor. Ipsa perspiciatis nesciunt ut id et tempora.', 2, '2019-01-11 05:41:39', '2019-01-11 05:41:39'),
(222, 29, 'Marty Renner', 'Commodi consequatur consectetur officiis omnis sit optio quas. Alias sed sint consequatur totam fugiat dolorem. Animi explicabo laborum atque adipisci sed ullam quo. Dolor tenetur accusantium voluptatum perspiciatis et tempora perferendis sapiente. Et perferendis nesciunt at quod quasi molestiae.', 1, '2019-01-11 05:41:39', '2019-01-11 05:41:39'),
(223, 8, 'Dr. Rogelio Boyle MD', 'Aut vel labore eaque vel facere dolorem dolorem. Impedit consequatur non magnam perspiciatis repellat voluptas rerum magnam. Aut quis sed dolores corrupti ducimus.', 2, '2019-01-11 05:41:39', '2019-01-11 05:41:39'),
(224, 23, 'Prof. Linda Langosh MD', 'Atque aspernatur fugiat molestias ut temporibus debitis. Ab et quo libero molestiae enim. Fugiat harum alias voluptatibus soluta. Consequatur maxime eaque recusandae necessitatibus.', 2, '2019-01-11 05:41:39', '2019-01-11 05:41:39'),
(225, 23, 'Bria Yost', 'Minima eum consectetur nulla voluptatum. Vitae facilis dicta totam perferendis.', 2, '2019-01-11 05:41:39', '2019-01-11 05:41:39'),
(226, 38, 'Chance Beahan', 'Aut totam id odit id qui. Ipsum dolores vel consequatur qui. Vel unde ea optio sint. Laudantium voluptatem quo magni enim in. Corporis ipsam porro iure voluptatem sint fuga qui.', 4, '2019-01-11 05:41:39', '2019-01-11 05:41:39'),
(227, 28, 'Gaetano Fadel', 'Nisi iure et ut ullam debitis laudantium. Qui atque sint aperiam qui modi explicabo. Corrupti adipisci asperiores ut maiores. Ea cupiditate deserunt corporis eveniet rerum quia et.', 5, '2019-01-11 05:41:39', '2019-01-11 05:41:39'),
(228, 1, 'Lera O\'Hara I', 'Molestiae ratione aut voluptatibus aspernatur iure facilis totam error. Sunt nobis nemo omnis ut cumque. Cum qui accusantium cumque asperiores vel similique quaerat dolorem.', 0, '2019-01-11 05:41:39', '2019-01-11 05:41:39'),
(229, 23, 'Lesly McClure', 'Omnis quibusdam voluptatem ex ut. Vitae sequi qui ipsam quis facilis qui unde. Ab praesentium fugit eos quidem doloribus quis explicabo.', 2, '2019-01-11 05:41:39', '2019-01-11 05:41:39'),
(230, 48, 'Janick Greenfelder', 'Deleniti et sit voluptatibus blanditiis earum. At laboriosam consequatur et quis aut dolorum. Minus quia vero in ipsa.', 5, '2019-01-11 05:41:39', '2019-01-11 05:41:39'),
(231, 16, 'Vada Cronin III', 'Rerum et dolor enim exercitationem aut. Impedit provident distinctio est provident at corporis dolore ut. Illo aut reiciendis nesciunt sapiente libero sit.', 4, '2019-01-11 05:41:39', '2019-01-11 05:41:39'),
(232, 37, 'Chaya Upton', 'Omnis maiores suscipit optio eum exercitationem laborum. Facere ipsa ut quibusdam voluptas dolores magni. Rerum consectetur nemo inventore dolores nam. Et sit aliquid totam labore beatae.', 5, '2019-01-11 05:41:39', '2019-01-11 05:41:39'),
(233, 17, 'Eleanore Kozey', 'Quaerat soluta aut autem vel eaque illum unde et. Voluptate rerum sed ad aut praesentium dicta illo. Et ex cumque autem ut repellendus perspiciatis et.', 2, '2019-01-11 05:41:39', '2019-01-11 05:41:39'),
(234, 1, 'Ms. Edna Kassulke', 'Quis sit labore tempora et est. Quia culpa iure esse maiores. Non exercitationem iste aut autem dicta possimus unde. Et est eveniet in occaecati qui. Dolorem et illo eos error.', 5, '2019-01-11 05:41:39', '2019-01-11 05:41:39'),
(235, 31, 'Adele Torphy', 'Voluptatum qui doloremque architecto aut. Id et molestiae est facilis asperiores eaque sunt ipsum. Autem placeat quibusdam non accusantium qui. Facilis fugiat ut perferendis.', 2, '2019-01-11 05:41:39', '2019-01-11 05:41:39'),
(236, 16, 'Mrs. Mary Kreiger', 'Quasi dolor culpa aut. Perferendis corrupti magni quo corrupti modi. Magni eveniet eum quasi ipsam rerum. Ipsum quia sunt recusandae accusantium unde ducimus.', 1, '2019-01-11 05:41:39', '2019-01-11 05:41:39'),
(237, 7, 'Rashawn Beer V', 'Amet vero id error tempora et. Libero dolorem odit voluptatibus aliquid. Consequatur qui qui nesciunt velit necessitatibus autem consequatur amet. Dolorum sunt voluptatum non est.', 2, '2019-01-11 05:41:39', '2019-01-11 05:41:39'),
(238, 30, 'Tyler McCullough', 'Consequatur aliquam ex autem quidem sunt. Doloribus ea tenetur nostrum ipsum. Autem repellendus eligendi repellat voluptatibus et quis. Blanditiis illum porro officia ratione id sint.', 3, '2019-01-11 05:41:39', '2019-01-11 05:41:39'),
(239, 41, 'Werner Wolff', 'Minima sunt aut eius recusandae est est veniam. Nisi rerum sed consequatur aliquid ea tempore voluptatem. Quia distinctio animi repellendus eum quae repudiandae voluptatum.', 0, '2019-01-11 05:41:39', '2019-01-11 05:41:39'),
(240, 22, 'Dr. Delaney Monahan Sr.', 'Eaque at ut harum temporibus veritatis quo eum veritatis. Et non sed placeat veniam dicta.', 0, '2019-01-11 05:41:39', '2019-01-11 05:41:39'),
(241, 2, 'Alayna Welch', 'Qui pariatur perferendis aut officiis. Dolorem quo quia voluptatem adipisci. Esse velit ipsum omnis et sit corrupti. Rerum quaerat perspiciatis fugiat et neque. Consequatur numquam consequatur corporis voluptates ea aut doloribus.', 0, '2019-01-11 05:41:39', '2019-01-11 05:41:39'),
(242, 45, 'Mr. Lambert Parisian DDS', 'Est id possimus veniam consequatur ea molestias. Non aliquid similique tenetur repellendus eveniet. Ut quibusdam id quas nihil omnis eveniet.', 1, '2019-01-11 05:41:39', '2019-01-11 05:41:39'),
(243, 8, 'Ocie Kulas', 'Ut ducimus est aut voluptas ad. Dolorem aut nemo dolore qui voluptatibus. Aut dolor velit nisi fuga.', 1, '2019-01-11 05:41:40', '2019-01-11 05:41:40'),
(244, 32, 'Prof. Jolie Willms', 'Eos id est recusandae vel in qui officia dolores. Consequatur reprehenderit dolore quia aut necessitatibus doloribus. Tenetur in est omnis quasi quia quae odio qui.', 5, '2019-01-11 05:41:40', '2019-01-11 05:41:40'),
(245, 45, 'Erling Ullrich Jr.', 'Minus et qui recusandae voluptates cum maxime. Voluptatem rerum enim aspernatur cumque. Explicabo quibusdam deleniti ad assumenda quia ullam atque. Dolores velit facilis perspiciatis est.', 1, '2019-01-11 05:41:40', '2019-01-11 05:41:40'),
(246, 14, 'Ashtyn Franecki', 'Quis distinctio ut ex accusantium itaque asperiores architecto. Officiis ipsa quia quo non. Ex exercitationem quibusdam nisi. Voluptas dolorem sunt ipsum rem dolores ea itaque incidunt.', 3, '2019-01-11 05:41:40', '2019-01-11 05:41:40'),
(247, 49, 'Yessenia Heidenreich IV', 'Dolore unde soluta possimus sunt nihil iure. Ut fuga ea nesciunt sapiente. Repellat sed quia cumque excepturi voluptatum culpa.', 3, '2019-01-11 05:41:40', '2019-01-11 05:41:40'),
(248, 20, 'Alexis Konopelski', 'Dolorem aut neque distinctio qui laborum inventore. Blanditiis recusandae sint culpa reiciendis laboriosam cum. Sed voluptas enim et ipsa omnis.', 1, '2019-01-11 05:41:40', '2019-01-11 05:41:40'),
(249, 19, 'Sally Fritsch', 'Odio sed molestiae molestiae eum itaque aspernatur vitae. Adipisci deserunt perspiciatis numquam vel eaque beatae iusto. Ut ullam dicta rem eaque sint. Maxime nostrum ad non voluptatibus tenetur unde et.', 1, '2019-01-11 05:41:40', '2019-01-11 05:41:40'),
(250, 24, 'Jaunita Lynch', 'Magnam sequi ipsum eaque exercitationem nisi autem ipsam. Explicabo ut odio officia et. Sit rem itaque quia eveniet facere aut. Neque aut consequatur et occaecati.', 2, '2019-01-11 05:41:40', '2019-01-11 05:41:40'),
(251, 29, 'Tierra Hyatt', 'Aliquid voluptatum consequatur tempora doloribus sequi ea ducimus. Earum velit dignissimos occaecati modi eos voluptas. Unde repudiandae exercitationem deleniti sequi. Praesentium fuga accusantium placeat dolorum omnis voluptas necessitatibus. Nihil recusandae ratione quam qui eos exercitationem.', 0, '2019-01-11 05:41:40', '2019-01-11 05:41:40'),
(252, 17, 'Hilda Green I', 'Sit quia numquam doloribus cupiditate cum nihil. Recusandae et aut aut nisi molestiae aut accusantium. Nostrum ut sed rem consequatur et. Qui ut nobis aut rem.', 1, '2019-01-11 05:41:40', '2019-01-11 05:41:40'),
(253, 29, 'Mrs. Alice Kuhlman DDS', 'Quisquam quisquam alias eveniet ut velit voluptas. Est laboriosam perferendis aut sed. Magnam et perspiciatis ut eum amet repellendus iste. Voluptatem libero deleniti qui numquam.', 3, '2019-01-11 05:41:40', '2019-01-11 05:41:40'),
(254, 27, 'Liliana Greenholt DDS', 'Inventore incidunt neque sunt amet cumque consequatur ratione. Eum mollitia est ipsam nihil temporibus dolorem doloribus culpa. Reiciendis voluptatibus quas est cumque ut necessitatibus ut. Nemo dolorum et molestiae ea. Non rem quasi quo officiis deserunt et iste.', 0, '2019-01-11 05:41:40', '2019-01-11 05:41:40'),
(255, 48, 'Brendan Cronin', 'Voluptas eaque aliquam aut molestiae. Hic qui voluptatibus est facilis deleniti est. Rerum ut delectus quas incidunt. Architecto atque ut porro qui.', 2, '2019-01-11 05:41:40', '2019-01-11 05:41:40'),
(256, 14, 'Conor Osinski', 'Sit nemo mollitia voluptates quidem fugiat vero qui. Distinctio quis assumenda qui ut est nostrum et. Vitae itaque dolores eum et recusandae porro numquam. Voluptatem explicabo ex quo alias tenetur sequi. Illum omnis adipisci est beatae temporibus odit.', 1, '2019-01-11 05:41:40', '2019-01-11 05:41:40'),
(257, 7, 'Esteban Yundt', 'Et consectetur assumenda sunt laudantium facilis laborum. Debitis vitae cupiditate quae quasi adipisci assumenda iste neque. Explicabo nostrum laudantium quos vitae voluptatem odio repellendus. Dicta quae omnis et animi.', 3, '2019-01-11 05:41:40', '2019-01-11 05:41:40'),
(258, 43, 'Justine Bartell', 'Aut voluptatem debitis et quo fugiat. Sed voluptatum et sit cupiditate. Natus at sapiente pariatur perspiciatis enim. Qui rem minus fugiat eligendi qui.', 1, '2019-01-11 05:41:40', '2019-01-11 05:41:40'),
(259, 25, 'Prof. Sophie Frami PhD', 'Voluptatum aut laborum quibusdam beatae ipsam et nihil. Deserunt quis culpa minima et ut. Ea dolorum debitis nihil sint.', 4, '2019-01-11 05:41:40', '2019-01-11 05:41:40'),
(260, 6, 'Dr. Ernest Heaney MD', 'Illo amet sit magni et sed recusandae non. Dolorem quae officia ullam sed. Libero quia doloremque id officia sed. Quis accusamus laboriosam laudantium eos aut.', 5, '2019-01-11 05:41:41', '2019-01-11 05:41:41'),
(261, 24, 'Josianne Mohr', 'Nihil maiores quas nam. Placeat dignissimos eius excepturi ab deleniti. Occaecati earum voluptas suscipit in fugiat magni dolorem et.', 1, '2019-01-11 05:41:41', '2019-01-11 05:41:41'),
(262, 28, 'Sophie Bosco DVM', 'Consequatur ut optio hic pariatur asperiores ut. Aut voluptas inventore omnis necessitatibus dolor sunt vel.', 5, '2019-01-11 05:41:41', '2019-01-11 05:41:41'),
(263, 6, 'Nia Zboncak', 'Quia assumenda cum facilis. Voluptatem ut consectetur aliquam libero modi optio. Inventore ea provident architecto deleniti dolor cupiditate.', 0, '2019-01-11 05:41:41', '2019-01-11 05:41:41'),
(264, 36, 'Dr. Mabelle Bernier', 'Laudantium fuga et iste adipisci nisi tempora. Non magnam dolores in velit. Id rerum facilis in impedit voluptatibus. At explicabo quis repellat quasi quas eos.', 4, '2019-01-11 05:41:41', '2019-01-11 05:41:41'),
(265, 9, 'Colten Welch', 'Laudantium rerum at aut. Et corporis voluptatem nostrum sed eius. In qui recusandae aspernatur explicabo est et quae doloribus. Est illum at qui eligendi et et.', 3, '2019-01-11 05:41:41', '2019-01-11 05:41:41'),
(266, 45, 'Dr. Tressa Wiegand', 'Fugit omnis ut quae quia. Id et voluptatem quos at quia veritatis consequuntur.', 1, '2019-01-11 05:41:41', '2019-01-11 05:41:41'),
(267, 47, 'Trycia Walter', 'Et molestiae a fuga voluptates placeat officia quia. Sed vel architecto laborum recusandae qui. Omnis mollitia nihil molestiae non velit fugit unde. Impedit porro blanditiis enim dolorem quasi.', 3, '2019-01-11 05:41:41', '2019-01-11 05:41:41'),
(268, 21, 'Prof. Sydnie Mosciski Sr.', 'Asperiores provident sed sunt reiciendis doloribus non commodi. Ratione non ut sit. Eum deleniti ducimus quidem unde ducimus. Adipisci a in blanditiis et odio ullam explicabo qui.', 5, '2019-01-11 05:41:41', '2019-01-11 05:41:41'),
(269, 3, 'Dr. Maximillian Hermann Sr.', 'At qui fuga quibusdam pariatur qui consequatur culpa. Modi est qui temporibus ratione aut. Suscipit veritatis consequatur qui.', 4, '2019-01-11 05:41:41', '2019-01-11 05:41:41'),
(270, 48, 'Natalia Schimmel', 'Hic consequatur qui quas ab fuga cum consequatur. Cum modi neque sequi qui.', 3, '2019-01-11 05:41:41', '2019-01-11 05:41:41'),
(271, 11, 'Izabella Heller', 'Nulla dolore dolores adipisci dolor fugit cum dolorum. Voluptatem quia ut facere vero eos dolorem et. Ea consectetur enim sed et dolores molestias sequi. Enim eos aut blanditiis nesciunt velit quae. Ducimus et sit totam delectus iusto blanditiis officiis.', 5, '2019-01-11 05:41:41', '2019-01-11 05:41:41'),
(272, 25, 'Daisy Ratke', 'Repellat aspernatur qui aperiam blanditiis et enim. Asperiores tempora et est incidunt a perspiciatis quis asperiores. Aut enim praesentium voluptas et ut. Voluptates voluptas cumque incidunt quisquam quia quae. Odio architecto unde deleniti doloremque beatae nesciunt.', 2, '2019-01-11 05:41:41', '2019-01-11 05:41:41'),
(273, 25, 'Prof. Winfield Zemlak IV', 'Pariatur sequi est pariatur repudiandae rem. Odit quam voluptatem rerum sed debitis neque nemo. Ut aut ut distinctio adipisci iure placeat repellendus facere. Dolores minima explicabo et eos.', 4, '2019-01-11 05:41:41', '2019-01-11 05:41:41'),
(274, 37, 'Ms. Pearline Kilback Jr.', 'Quis ut rem animi odit est consequatur quaerat. Qui eveniet sit accusamus tempore quo. Necessitatibus cupiditate enim aliquam.', 4, '2019-01-11 05:41:41', '2019-01-11 05:41:41'),
(275, 11, 'Mozell Hamill DVM', 'Voluptatem ratione dolorum corporis quisquam. Fuga doloribus et dicta quos aut repudiandae maxime. Est rerum consequatur numquam. At illo tenetur provident autem sit.', 2, '2019-01-11 05:41:41', '2019-01-11 05:41:41'),
(276, 11, 'Cortney Nikolaus', 'Ut deserunt ipsam ut accusamus. Et rerum sit possimus est. Laudantium illo consequuntur iusto nihil. Est expedita voluptas eum harum et.', 0, '2019-01-11 05:41:41', '2019-01-11 05:41:41'),
(277, 31, 'Ms. Dandre Stanton PhD', 'Sapiente non dolorum eius sed voluptatem est et. Dolorem tempora provident minima eum et modi voluptas. Quis et nihil dolore facere voluptatem saepe maxime. Tempora adipisci necessitatibus maiores unde.', 2, '2019-01-11 05:41:41', '2019-01-11 05:41:41'),
(278, 40, 'Prof. Aaliyah Frami', 'Accusantium earum totam praesentium ratione laboriosam eaque animi. Assumenda autem distinctio architecto ipsam. Ipsam voluptatem libero deserunt consectetur suscipit perspiciatis. Nesciunt a exercitationem laboriosam aperiam atque autem.', 3, '2019-01-11 05:41:41', '2019-01-11 05:41:41'),
(279, 18, 'Alia Bechtelar', 'Quas quae nobis voluptatem maiores accusantium molestias iure. Officiis minus quasi sapiente et quas. Aut eius esse unde esse. Minus enim alias excepturi odit doloremque.', 3, '2019-01-11 05:41:41', '2019-01-11 05:41:41'),
(280, 10, 'Ms. Willa Wintheiser MD', 'Placeat cum quibusdam delectus voluptatem. Qui quia corrupti dignissimos et distinctio dolorem voluptatum. Velit rem quos ut sed et suscipit.', 3, '2019-01-11 05:41:41', '2019-01-11 05:41:41'),
(281, 27, 'Abraham Hilpert PhD', 'Temporibus ipsum voluptas incidunt ut ut iste. Porro porro ut quo qui dolorem. Voluptatibus odio atque libero et.', 5, '2019-01-11 05:41:41', '2019-01-11 05:41:41'),
(282, 7, 'Mr. Ewell Torphy IV', 'Ipsum consequuntur labore eos odit. Culpa reprehenderit molestias minus eos sequi. Maiores perspiciatis odio non officia. Vitae neque exercitationem itaque voluptatibus nam voluptatem. Facere eos recusandae soluta quas voluptatem odit.', 3, '2019-01-11 05:41:41', '2019-01-11 05:41:41'),
(283, 32, 'Dr. Peyton Beier', 'Quod accusantium corporis occaecati et voluptatem maxime sit. Accusamus rerum voluptatem voluptatem quia. Exercitationem quos mollitia laudantium blanditiis excepturi quasi. Ea commodi libero quo libero.', 1, '2019-01-11 05:41:41', '2019-01-11 05:41:41'),
(284, 12, 'Demetris Rippin', 'Provident quisquam voluptas fuga enim voluptates. Voluptatem rerum perferendis perspiciatis omnis. Nesciunt sint ad sit rerum ut.', 0, '2019-01-11 05:41:41', '2019-01-11 05:41:41'),
(285, 4, 'Bruce DuBuque', 'Neque et provident enim facilis nulla tempore eveniet. Nam ea occaecati facere est voluptas ab commodi distinctio. Consequatur natus eligendi voluptate cumque vel. In non sit tempora dicta beatae suscipit et.', 0, '2019-01-11 05:41:42', '2019-01-11 05:41:42'),
(286, 38, 'Zackery Mayert', 'Autem sed exercitationem aut. Quos amet aut quae consectetur deserunt harum. Cupiditate quia ratione laudantium minus nesciunt repellendus. Expedita aliquam a quod tenetur qui ea.', 0, '2019-01-11 05:41:42', '2019-01-11 05:41:42'),
(287, 7, 'Ms. Colleen Lockman I', 'Voluptatum omnis quia perspiciatis illum facilis dolorem rerum. Aspernatur facilis autem ut rem ipsum odit quam. Quos dignissimos ad sed voluptate eius illum. Quae et qui tenetur et aut in.', 3, '2019-01-11 05:41:42', '2019-01-11 05:41:42'),
(288, 21, 'Pascale Howell DDS', 'Et voluptatem ducimus nulla. Unde est harum consectetur veniam. Vero veniam rem et qui dignissimos facere enim.', 2, '2019-01-11 05:41:42', '2019-01-11 05:41:42'),
(289, 7, 'Mrs. America Kunze DVM', 'Voluptatem qui magni consequatur consequatur quia culpa omnis. Debitis nihil amet qui distinctio. Nemo expedita quam delectus hic exercitationem eaque non cupiditate. Quod commodi quo et ad.', 1, '2019-01-11 05:41:42', '2019-01-11 05:41:42'),
(290, 48, 'Terry Kilback', 'Odio optio qui id suscipit. Aut maiores eveniet quis totam quis. Quibusdam alias vitae et corrupti et ad minima. Similique molestias est cum impedit velit et quia.', 3, '2019-01-11 05:41:42', '2019-01-11 05:41:42'),
(291, 37, 'Matilde Borer', 'Numquam dolorem enim sed earum rerum. Voluptatibus molestiae inventore natus nam.', 4, '2019-01-11 05:41:42', '2019-01-11 05:41:42'),
(292, 19, 'Freeman Kihn', 'Enim eius illo nam et. Aperiam accusantium et libero perferendis corporis architecto. Quaerat voluptatem molestiae ut error officia ut.', 0, '2019-01-11 05:41:42', '2019-01-11 05:41:42'),
(293, 32, 'Tamara Spencer', 'Ea qui et porro aut. Error nam consequatur adipisci numquam ad. Animi dolore dolore sit recusandae sit cupiditate. Necessitatibus cupiditate est tempora quis porro amet nihil non.', 3, '2019-01-11 05:41:42', '2019-01-11 05:41:42'),
(294, 4, 'Ryan Waters', 'Natus voluptate quae non tempora et non. Dolore corrupti maiores veniam eos voluptatem quo veritatis. Nostrum consequatur incidunt eum laborum. Libero earum facilis culpa et.', 5, '2019-01-11 05:41:42', '2019-01-11 05:41:42'),
(295, 34, 'Rachel Treutel DDS', 'Quaerat voluptate nemo explicabo delectus et saepe. Velit ea necessitatibus est. Aut accusamus consequuntur labore et culpa dolores.', 0, '2019-01-11 05:41:42', '2019-01-11 05:41:42'),
(296, 16, 'Mr. Gaylord Schulist I', 'Sapiente maiores et magnam voluptatem sapiente. Voluptas tempora corporis non ad. Voluptate eum aliquid reiciendis doloribus mollitia. Debitis voluptate fugiat quia nesciunt.', 0, '2019-01-11 05:41:42', '2019-01-11 05:41:42'),
(297, 24, 'Mrs. Corene Schowalter', 'Earum amet impedit doloremque quidem. Quis qui ut ad quo enim labore vel. Maxime facere sit aspernatur. Temporibus veritatis qui ipsum quos nesciunt necessitatibus.', 3, '2019-01-11 05:41:42', '2019-01-11 05:41:42'),
(298, 42, 'Callie Lubowitz MD', 'Rerum similique veritatis molestiae explicabo. Sapiente a eum quaerat aut. Qui porro dolor quas aspernatur commodi vero minus suscipit. Nesciunt est mollitia atque aliquam dolorum est nobis.', 4, '2019-01-11 05:41:42', '2019-01-11 05:41:42'),
(299, 2, 'Laurine Schultz', 'Non iure culpa est repudiandae minus omnis consequuntur exercitationem. Earum omnis distinctio et velit id id illum. Accusantium fugit cupiditate saepe quis officia sit quis.', 5, '2019-01-11 05:41:42', '2019-01-11 05:41:42'),
(300, 20, 'Dr. Cleo Marvin DDS', 'Fugiat aliquam non asperiores sapiente aspernatur possimus nam. Fugiat accusamus est facere temporibus. Sed et assumenda sit maiores.', 1, '2019-01-11 05:41:42', '2019-01-11 05:41:42');

-- --------------------------------------------------------

--
-- Estructura de tabla para la tabla `users`
--

CREATE TABLE `users` (
  `id` int(10) UNSIGNED NOT NULL,
  `name` varchar(191) COLLATE utf8mb4_unicode_ci NOT NULL,
  `email` varchar(191) COLLATE utf8mb4_unicode_ci NOT NULL,
  `email_verified_at` timestamp NULL DEFAULT NULL,
  `password` varchar(191) COLLATE utf8mb4_unicode_ci NOT NULL,
  `remember_token` varchar(100) COLLATE utf8mb4_unicode_ci DEFAULT NULL,
  `created_at` timestamp NULL DEFAULT NULL,
  `updated_at` timestamp NULL DEFAULT NULL
) ENGINE=InnoDB DEFAULT CHARSET=utf8mb4 COLLATE=utf8mb4_unicode_ci;

--
-- Índices para tablas volcadas
--

--
-- Indices de la tabla `migrations`
--
ALTER TABLE `migrations`
  ADD PRIMARY KEY (`id`);

--
-- Indices de la tabla `password_resets`
--
ALTER TABLE `password_resets`
  ADD KEY `password_resets_email_index` (`email`);

--
-- Indices de la tabla `products`
--
ALTER TABLE `products`
  ADD PRIMARY KEY (`id`);

--
-- Indices de la tabla `reviews`
--
ALTER TABLE `reviews`
  ADD PRIMARY KEY (`id`),
  ADD KEY `reviews_product_id_foreign` (`product_id`);

--
-- Indices de la tabla `users`
--
ALTER TABLE `users`
  ADD PRIMARY KEY (`id`),
  ADD UNIQUE KEY `users_email_unique` (`email`);

--
-- AUTO_INCREMENT de las tablas volcadas
--

--
-- AUTO_INCREMENT de la tabla `migrations`
--
ALTER TABLE `migrations`
  MODIFY `id` int(10) UNSIGNED NOT NULL AUTO_INCREMENT, AUTO_INCREMENT=9;

--
-- AUTO_INCREMENT de la tabla `products`
--
ALTER TABLE `products`
  MODIFY `id` int(10) UNSIGNED NOT NULL AUTO_INCREMENT, AUTO_INCREMENT=51;

--
-- AUTO_INCREMENT de la tabla `reviews`
--
ALTER TABLE `reviews`
  MODIFY `id` int(10) UNSIGNED NOT NULL AUTO_INCREMENT, AUTO_INCREMENT=301;

--
-- AUTO_INCREMENT de la tabla `users`
--
ALTER TABLE `users`
  MODIFY `id` int(10) UNSIGNED NOT NULL AUTO_INCREMENT;

--
-- Restricciones para tablas volcadas
--

--
-- Filtros para la tabla `reviews`
--
ALTER TABLE `reviews`
  ADD CONSTRAINT `reviews_product_id_foreign` FOREIGN KEY (`product_id`) REFERENCES `products` (`id`) ON DELETE CASCADE;
COMMIT;

/*!40101 SET CHARACTER_SET_CLIENT=@OLD_CHARACTER_SET_CLIENT */;
/*!40101 SET CHARACTER_SET_RESULTS=@OLD_CHARACTER_SET_RESULTS */;
/*!40101 SET COLLATION_CONNECTION=@OLD_COLLATION_CONNECTION */;
